Workbook

Sheet Prosek 1991-2025
A1: PROSEČNE MESEČNE, GODIŠNJE I EKSTREMNE VREDNOSTI ZA PERIOD 1991-2025. GODINA
A2: KRUŠEVAC φ 43.58°N λ 21.32°E h 166 m
A4: METEOROLOŠKI PARAMETAR | B4: jan | C4: feb | D4: mar | E4: apr | F4: maj | G4: jun | H4: jul | I4: avg | J4: sep | K4: okt | L4: nov | M4: dec | N4: god.
A5: TEMPERATURA VAZDUHA (°C)
A6: Normalna vrednost | B6: =AVERAGE('1991'!B6,'1992'!B6,'1993'!B6,'1994'!B6,'1995'!B6,'1996'!B6,'1997'!B6,'1998'!B6,'1999'!B6,'2000'!B6,'2001'!B6,'2002'!B6,'2003'!B6,'2004'!B6,'2005'!B6,'2006'!B6,'2007'!B6,'2008'!B6,'2009'!B6,'2010'!B6,'2011'!B6,'2012'!B6,'2013'!B6,'2014'!B6,'2015'!B6,'2016'!B6,'2017'!B6,'2018'!B6,'2019'!B6,'2020'!B6,'2021'!B6,'2022'!B6,'2023'!B6,'2024'!B6,'2025'!B6) | C6: =AVERAGE('1991'!C6,'1992'!C6,'1993'!C6,'1994'!C6,'1995'!C6,'1996'!C6,'1997'!C6,'1998'!C6,'1999'!C6,'2000'!C6,'2001'!C6,'2002'!C6,'2003'!C6,'2004'!C6,'2005'!C6,'2006'!C6,'2007'!C6,'2008'!C6,'2009'!C6,'2010'!C6,'2011'!C6,'2012'!C6,'2013'!C6,'2014'!C6,'2015'!C6,'2016'!C6,'2017'!C6,'2018'!C6,'2019'!C6,'2020'!C6,'2021'!C6,'2022'!C6,'2023'!C6,'2024'!C6,'2025'!C6) | D6: =AVERAGE('1991'!D6,'1992'!D6,'1993'!D6,'1994'!D6,'1995'!D6,'1996'!D6,'1997'!D6,'1998'!D6,'1999'!D6,'2000'!D6,'2001'!D6,'2002'!D6,'2003'!D6,'2004'!D6,'2005'!D6,'2006'!D6,'2007'!D6,'2008'!D6,'2009'!D6,'2010'!D6,'2011'!D6,'2012'!D6,'2013'!D6,'2014'!D6,'2015'!D6,'2016'!D6,'2017'!D6,'2018'!D6,'2019'!D6,'2020'!D6,'2021'!D6,'2022'!D6,'2023'!D6,'2024'!D6,'2025'!D6) | E6: =AVERAGE('1991'!E6,'1992'!E6,'1993'!E6,'1994'!E6,'1995'!E6,'1996'!E6,'1997'!E6,'1998'!E6,'1999'!E6,'2000'!E6,'2001'!E6,'2002'!E6,'2003'!E6,'2004'!E6,'2005'!E6,'2006'!E6,'2007'!E6,'2008'!E6,'2009'!E6,'2010'!E6,'2011'!E6,'2012'!E6,'2013'!E6,'2014'!E6,'2015'!E6,'2016'!E6,'2017'!E6,'2018'!E6,'2019'!E6,'2020'!E6,'2021'!E6,'2022'!E6,'2023'!E6,'2024'!E6,'2025'!E6) | F6: =AVERAGE('1991'!F6,'1992'!F6,'1993'!F6,'1994'!F6,'1995'!F6,'1996'!F6,'1997'!F6,'1998'!F6,'1999'!F6,'2000'!F6,'2001'!F6,'2002'!F6,'2003'!F6,'2004'!F6,'2005'!F6,'2006'!F6,'2007'!F6,'2008'!F6,'2009'!F6,'2010'!F6,'2011'!F6,'2012'!F6,'2013'!F6,'2014'!F6,'2015'!F6,'2016'!F6,'2017'!F6,'2018'!F6,'2019'!F6,'2020'!F6,'2021'!F6,'2022'!F6,'2023'!F6,'2024'!F6,'2025'!F6) | G6: =AVERAGE('1991'!G6,'1992'!G6,'1993'!G6,'1994'!G6,'1995'!G6,'1996'!G6,'1997'!G6,'1998'!G6,'1999'!G6,'2000'!G6,'2001'!G6,'2002'!G6,'2003'!G6,'2004'!G6,'2005'!G6,'2006'!G6,'2007'!G6,'2008'!G6,'2009'!G6,'2010'!G6,'2011'!G6,'2012'!G6,'2013'!G6,'2014'!G6,'2015'!G6,'2016'!G6,'2017'!G6,'2018'!G6,'2019'!G6,'2020'!G6,'2021'!G6,'2022'!G6,'2023'!G6,'2024'!G6,'2025'!G6) | H6: =AVERAGE('1991'!H6,'1992'!H6,'1993'!H6,'1994'!H6,'1995'!H6,'1996'!H6,'1997'!H6,'1998'!H6,'1999'!H6,'2000'!H6,'2001'!H6,'2002'!H6,'2003'!H6,'2004'!H6,'2005'!H6,'2006'!H6,'2007'!H6,'2008'!H6,'2009'!H6,'2010'!H6,'2011'!H6,'2012'!H6,'2013'!H6,'2014'!H6,'2015'!H6,'2016'!H6,'2017'!H6,'2018'!H6,'2019'!H6,'2020'!H6,'2021'!H6,'2022'!H6,'2023'!H6,'2024'!H6,'2025'!H6) | I6: =AVERAGE('1991'!I6,'1992'!I6,'1993'!I6,'1994'!I6,'1995'!I6,'1996'!I6,'1997'!I6,'1998'!I6,'1999'!I6,'2000'!I6,'2001'!I6,'2002'!I6,'2003'!I6,'2004'!I6,'2005'!I6,'2006'!I6,'2007'!I6,'2008'!I6,'2009'!I6,'2010'!I6,'2011'!I6,'2012'!I6,'2013'!I6,'2014'!I6,'2015'!I6,'2016'!I6,'2017'!I6,'2018'!I6,'2019'!I6,'2020'!I6,'2021'!I6,'2022'!I6,'2023'!I6,'2024'!I6,'2025'!I6) | ... M6: =AVERAGE('1991'!M6,'1992'!M6,'1993'!M6,'1994'!M6,'1995'!M6,'1996'!M6,'1997'!M6,'1998'!M6,'1999'!M6,'2000'!M6,'2001'!M6,'2002'!M6,'2003'!M6,'2004'!M6,'2005'!M6,'2006'!M6,'2007'!M6,'2008'!M6,'2009'!M6,'2010'!M6,'2011'!M6,'2012'!M6,'2013'!M6,'2014'!M6,'2015'!M6,'2016'!M6,'2017'!M6,'2018'!M6,'2019'!M6,'2020'!M6,'2021'!M6,'2022'!M6,'2023'!M6,'2024'!M6,'2025'!M6) | N6: =AVERAGE(B6:M6)
A7: Srednja maksimalna | B7: =AVERAGE('1991'!B7,'1992'!B7,'1993'!B7,'1994'!B7,'1995'!B7,'1996'!B7,'1997'!B7,'1998'!B7,'1999'!B7,'2000'!B7,'2001'!B7,'2002'!B7,'2003'!B7,'2004'!B7,'2005'!B7,'2006'!B7,'2007'!B7,'2008'!B7,'2009'!B7,'2010'!B7,'2011'!B7,'2012'!B7,'2013'!B7,'2014'!B7,'2015'!B7,'2016'!B7,'2017'!B7,'2018'!B7,'2019'!B7,'2020'!B7,'2021'!B7,'2022'!B7,'2023'!B7,'2024'!B7,'2025'!B7) | C7: =AVERAGE('1991'!C7,'1992'!C7,'1993'!C7,'1994'!C7,'1995'!C7,'1996'!C7,'1997'!C7,'1998'!C7,'1999'!C7,'2000'!C7,'2001'!C7,'2002'!C7,'2003'!C7,'2004'!C7,'2005'!C7,'2006'!C7,'2007'!C7,'2008'!C7,'2009'!C7,'2010'!C7,'2011'!C7,'2012'!C7,'2013'!C7,'2014'!C7,'2015'!C7,'2016'!C7,'2017'!C7,'2018'!C7,'2019'!C7,'2020'!C7,'2021'!C7,'2022'!C7,'2023'!C7,'2024'!C7,'2025'!C7) | D7: =AVERAGE('1991'!D7,'1992'!D7,'1993'!D7,'1994'!D7,'1995'!D7,'1996'!D7,'1997'!D7,'1998'!D7,'1999'!D7,'2000'!D7,'2001'!D7,'2002'!D7,'2003'!D7,'2004'!D7,'2005'!D7,'2006'!D7,'2007'!D7,'2008'!D7,'2009'!D7,'2010'!D7,'2011'!D7,'2012'!D7,'2013'!D7,'2014'!D7,'2015'!D7,'2016'!D7,'2017'!D7,'2018'!D7,'2019'!D7,'2020'!D7,'2021'!D7,'2022'!D7,'2023'!D7,'2024'!D7,'2025'!D7) | E7: =AVERAGE('1991'!E7,'1992'!E7,'1993'!E7,'1994'!E7,'1995'!E7,'1996'!E7,'1997'!E7,'1998'!E7,'1999'!E7,'2000'!E7,'2001'!E7,'2002'!E7,'2003'!E7,'2004'!E7,'2005'!E7,'2006'!E7,'2007'!E7,'2008'!E7,'2009'!E7,'2010'!E7,'2011'!E7,'2012'!E7,'2013'!E7,'2014'!E7,'2015'!E7,'2016'!E7,'2017'!E7,'2018'!E7,'2019'!E7,'2020'!E7,'2021'!E7,'2022'!E7,'2023'!E7,'2024'!E7,'2025'!E7) | F7: =AVERAGE('1991'!F7,'1992'!F7,'1993'!F7,'1994'!F7,'1995'!F7,'1996'!F7,'1997'!F7,'1998'!F7,'1999'!F7,'2000'!F7,'2001'!F7,'2002'!F7,'2003'!F7,'2004'!F7,'2005'!F7,'2006'!F7,'2007'!F7,'2008'!F7,'2009'!F7,'2010'!F7,'2011'!F7,'2012'!F7,'2013'!F7,'2014'!F7,'2015'!F7,'2016'!F7,'2017'!F7,'2018'!F7,'2019'!F7,'2020'!F7,'2021'!F7,'2022'!F7,'2023'!F7,'2024'!F7,'2025'!F7) | G7: =AVERAGE('1991'!G7,'1992'!G7,'1993'!G7,'1994'!G7,'1995'!G7,'1996'!G7,'1997'!G7,'1998'!G7,'1999'!G7,'2000'!G7,'2001'!G7,'2002'!G7,'2003'!G7,'2004'!G7,'2005'!G7,'2006'!G7,'2007'!G7,'2008'!G7,'2009'!G7,'2010'!G7,'2011'!G7,'2012'!G7,'2013'!G7,'2014'!G7,'2015'!G7,'2016'!G7,'2017'!G7,'2018'!G7,'2019'!G7,'2020'!G7,'2021'!G7,'2022'!G7,'2023'!G7,'2024'!G7,'2025'!G7) | H7: =AVERAGE('1991'!H7,'1992'!H7,'1993'!H7,'1994'!H7,'1995'!H7,'1996'!H7,'1997'!H7,'1998'!H7,'1999'!H7,'2000'!H7,'2001'!H7,'2002'!H7,'2003'!H7,'2004'!H7,'2005'!H7,'2006'!H7,'2007'!H7,'2008'!H7,'2009'!H7,'2010'!H7,'2011'!H7,'2012'!H7,'2013'!H7,'2014'!H7,'2015'!H7,'2016'!H7,'2017'!H7,'2018'!H7,'2019'!H7,'2020'!H7,'2021'!H7,'2022'!H7,'2023'!H7,'2024'!H7,'2025'!H7) | I7: =AVERAGE('1991'!I7,'1992'!I7,'1993'!I7,'1994'!I7,'1995'!I7,'1996'!I7,'1997'!I7,'1998'!I7,'1999'!I7,'2000'!I7,'2001'!I7,'2002'!I7,'2003'!I7,'2004'!I7,'2005'!I7,'2006'!I7,'2007'!I7,'2008'!I7,'2009'!I7,'2010'!I7,'2011'!I7,'2012'!I7,'2013'!I7,'2014'!I7,'2015'!I7,'2016'!I7,'2017'!I7,'2018'!I7,'2019'!I7,'2020'!I7,'2021'!I7,'2022'!I7,'2023'!I7,'2024'!I7,'2025'!I7) | ... M7: =AVERAGE('1991'!M7,'1992'!M7,'1993'!M7,'1994'!M7,'1995'!M7,'1996'!M7,'1997'!M7,'1998'!M7,'1999'!M7,'2000'!M7,'2001'!M7,'2002'!M7,'2003'!M7,'2004'!M7,'2005'!M7,'2006'!M7,'2007'!M7,'2008'!M7,'2009'!M7,'2010'!M7,'2011'!M7,'2012'!M7,'2013'!M7,'2014'!M7,'2015'!M7,'2016'!M7,'2017'!M7,'2018'!M7,'2019'!M7,'2020'!M7,'2021'!M7,'2022'!M7,'2023'!M7,'2024'!M7,'2025'!M7) | N7: =AVERAGE(B7:M7)
A8: Srednja minimalna | B8: =AVERAGE('1991'!B8,'1992'!B8,'1993'!B8,'1994'!B8,'1995'!B8,'1996'!B8,'1997'!B8,'1998'!B8,'1999'!B8,'2000'!B8,'2001'!B8,'2002'!B8,'2003'!B8,'2004'!B8,'2005'!B8,'2006'!B8,'2007'!B8,'2008'!B8,'2009'!B8,'2010'!B8,'2011'!B8,'2012'!B8,'2013'!B8,'2014'!B8,'2015'!B8,'2016'!B8,'2017'!B8,'2018'!B8,'2019'!B8,'2020'!B8,'2021'!B8,'2022'!B8,'2023'!B8,'2024'!B8,'2025'!B8) | C8: =AVERAGE('1991'!C8,'1992'!C8,'1993'!C8,'1994'!C8,'1995'!C8,'1996'!C8,'1997'!C8,'1998'!C8,'1999'!C8,'2000'!C8,'2001'!C8,'2002'!C8,'2003'!C8,'2004'!C8,'2005'!C8,'2006'!C8,'2007'!C8,'2008'!C8,'2009'!C8,'2010'!C8,'2011'!C8,'2012'!C8,'2013'!C8,'2014'!C8,'2015'!C8,'2016'!C8,'2017'!C8,'2018'!C8,'2019'!C8,'2020'!C8,'2021'!C8,'2022'!C8,'2023'!C8,'2024'!C8,'2025'!C8) | D8: =AVERAGE('1991'!D8,'1992'!D8,'1993'!D8,'1994'!D8,'1995'!D8,'1996'!D8,'1997'!D8,'1998'!D8,'1999'!D8,'2000'!D8,'2001'!D8,'2002'!D8,'2003'!D8,'2004'!D8,'2005'!D8,'2006'!D8,'2007'!D8,'2008'!D8,'2009'!D8,'2010'!D8,'2011'!D8,'2012'!D8,'2013'!D8,'2014'!D8,'2015'!D8,'2016'!D8,'2017'!D8,'2018'!D8,'2019'!D8,'2020'!D8,'2021'!D8,'2022'!D8,'2023'!D8,'2024'!D8,'2025'!D8) | E8: =AVERAGE('1991'!E8,'1992'!E8,'1993'!E8,'1994'!E8,'1995'!E8,'1996'!E8,'1997'!E8,'1998'!E8,'1999'!E8,'2000'!E8,'2001'!E8,'2002'!E8,'2003'!E8,'2004'!E8,'2005'!E8,'2006'!E8,'2007'!E8,'2008'!E8,'2009'!E8,'2010'!E8,'2011'!E8,'2012'!E8,'2013'!E8,'2014'!E8,'2015'!E8,'2016'!E8,'2017'!E8,'2018'!E8,'2019'!E8,'2020'!E8,'2021'!E8,'2022'!E8,'2023'!E8,'2024'!E8,'2025'!E8) | F8: =AVERAGE('1991'!F8,'1992'!F8,'1993'!F8,'1994'!F8,'1995'!F8,'1996'!F8,'1997'!F8,'1998'!F8,'1999'!F8,'2000'!F8,'2001'!F8,'2002'!F8,'2003'!F8,'2004'!F8,'2005'!F8,'2006'!F8,'2007'!F8,'2008'!F8,'2009'!F8,'2010'!F8,'2011'!F8,'2012'!F8,'2013'!F8,'2014'!F8,'2015'!F8,'2016'!F8,'2017'!F8,'2018'!F8,'2019'!F8,'2020'!F8,'2021'!F8,'2022'!F8,'2023'!F8,'2024'!F8,'2025'!F8) | G8: =AVERAGE('1991'!G8,'1992'!G8,'1993'!G8,'1994'!G8,'1995'!G8,'1996'!G8,'1997'!G8,'1998'!G8,'1999'!G8,'2000'!G8,'2001'!G8,'2002'!G8,'2003'!G8,'2004'!G8,'2005'!G8,'2006'!G8,'2007'!G8,'2008'!G8,'2009'!G8,'2010'!G8,'2011'!G8,'2012'!G8,'2013'!G8,'2014'!G8,'2015'!G8,'2016'!G8,'2017'!G8,'2018'!G8,'2019'!G8,'2020'!G8,'2021'!G8,'2022'!G8,'2023'!G8,'2024'!G8,'2025'!G8) | H8: =AVERAGE('1991'!H8,'1992'!H8,'1993'!H8,'1994'!H8,'1995'!H8,'1996'!H8,'1997'!H8,'1998'!H8,'1999'!H8,'2000'!H8,'2001'!H8,'2002'!H8,'2003'!H8,'2004'!H8,'2005'!H8,'2006'!H8,'2007'!H8,'2008'!H8,'2009'!H8,'2010'!H8,'2011'!H8,'2012'!H8,'2013'!H8,'2014'!H8,'2015'!H8,'2016'!H8,'2017'!H8,'2018'!H8,'2019'!H8,'2020'!H8,'2021'!H8,'2022'!H8,'2023'!H8,'2024'!H8,'2025'!H8) | I8: =AVERAGE('1991'!I8,'1992'!I8,'1993'!I8,'1994'!I8,'1995'!I8,'1996'!I8,'1997'!I8,'1998'!I8,'1999'!I8,'2000'!I8,'2001'!I8,'2002'!I8,'2003'!I8,'2004'!I8,'2005'!I8,'2006'!I8,'2007'!I8,'2008'!I8,'2009'!I8,'2010'!I8,'2011'!I8,'2012'!I8,'2013'!I8,'2014'!I8,'2015'!I8,'2016'!I8,'2017'!I8,'2018'!I8,'2019'!I8,'2020'!I8,'2021'!I8,'2022'!I8,'2023'!I8,'2024'!I8,'2025'!I8) | ... M8: =AVERAGE('1991'!M8,'1992'!M8,'1993'!M8,'1994'!M8,'1995'!M8,'1996'!M8,'1997'!M8,'1998'!M8,'1999'!M8,'2000'!M8,'2001'!M8,'2002'!M8,'2003'!M8,'2004'!M8,'2005'!M8,'2006'!M8,'2007'!M8,'2008'!M8,'2009'!M8,'2010'!M8,'2011'!M8,'2012'!M8,'2013'!M8,'2014'!M8,'2015'!M8,'2016'!M8,'2017'!M8,'2018'!M8,'2019'!M8,'2020'!M8,'2021'!M8,'2022'!M8,'2023'!M8,'2024'!M8,'2025'!M8) | N8: =AVERAGE(B8:M8)
A9: Apsolutni maksimum | B9: =AVERAGE('1991'!B9,'1992'!B9,'1993'!B9,'1994'!B9,'1995'!B9,'1996'!B9,'1997'!B9,'1998'!B9,'1999'!B9,'2000'!B9,'2001'!B9,'2002'!B9,'2003'!B9,'2004'!B9,'2005'!B9,'2006'!B9,'2007'!B9,'2008'!B9,'2009'!B9,'2010'!B9,'2011'!B9,'2012'!B9,'2013'!B9,'2014'!B9,'2015'!B9,'2016'!B9,'2017'!B9,'2018'!B9,'2019'!B9,'2020'!B9,'2021'!B9,'2022'!B9,'2023'!B9,'2024'!B9,'2025'!B9) | C9: =AVERAGE('1991'!C9,'1992'!C9,'1993'!C9,'1994'!C9,'1995'!C9,'1996'!C9,'1997'!C9,'1998'!C9,'1999'!C9,'2000'!C9,'2001'!C9,'2002'!C9,'2003'!C9,'2004'!C9,'2005'!C9,'2006'!C9,'2007'!C9,'2008'!C9,'2009'!C9,'2010'!C9,'2011'!C9,'2012'!C9,'2013'!C9,'2014'!C9,'2015'!C9,'2016'!C9,'2017'!C9,'2018'!C9,'2019'!C9,'2020'!C9,'2021'!C9,'2022'!C9,'2023'!C9,'2024'!C9,'2025'!C9) | D9: =AVERAGE('1991'!D9,'1992'!D9,'1993'!D9,'1994'!D9,'1995'!D9,'1996'!D9,'1997'!D9,'1998'!D9,'1999'!D9,'2000'!D9,'2001'!D9,'2002'!D9,'2003'!D9,'2004'!D9,'2005'!D9,'2006'!D9,'2007'!D9,'2008'!D9,'2009'!D9,'2010'!D9,'2011'!D9,'2012'!D9,'2013'!D9,'2014'!D9,'2015'!D9,'2016'!D9,'2017'!D9,'2018'!D9,'2019'!D9,'2020'!D9,'2021'!D9,'2022'!D9,'2023'!D9,'2024'!D9,'2025'!D9) | E9: =AVERAGE('1991'!E9,'1992'!E9,'1993'!E9,'1994'!E9,'1995'!E9,'1996'!E9,'1997'!E9,'1998'!E9,'1999'!E9,'2000'!E9,'2001'!E9,'2002'!E9,'2003'!E9,'2004'!E9,'2005'!E9,'2006'!E9,'2007'!E9,'2008'!E9,'2009'!E9,'2010'!E9,'2011'!E9,'2012'!E9,'2013'!E9,'2014'!E9,'2015'!E9,'2016'!E9,'2017'!E9,'2018'!E9,'2019'!E9,'2020'!E9,'2021'!E9,'2022'!E9,'2023'!E9,'2024'!E9,'2025'!E9) | F9: =AVERAGE('1991'!F9,'1992'!F9,'1993'!F9,'1994'!F9,'1995'!F9,'1996'!F9,'1997'!F9,'1998'!F9,'1999'!F9,'2000'!F9,'2001'!F9,'2002'!F9,'2003'!F9,'2004'!F9,'2005'!F9,'2006'!F9,'2007'!F9,'2008'!F9,'2009'!F9,'2010'!F9,'2011'!F9,'2012'!F9,'2013'!F9,'2014'!F9,'2015'!F9,'2016'!F9,'2017'!F9,'2018'!F9,'2019'!F9,'2020'!F9,'2021'!F9,'2022'!F9,'2023'!F9,'2024'!F9,'2025'!F9) | G9: =AVERAGE('1991'!G9,'1992'!G9,'1993'!G9,'1994'!G9,'1995'!G9,'1996'!G9,'1997'!G9,'1998'!G9,'1999'!G9,'2000'!G9,'2001'!G9,'2002'!G9,'2003'!G9,'2004'!G9,'2005'!G9,'2006'!G9,'2007'!G9,'2008'!G9,'2009'!G9,'2010'!G9,'2011'!G9,'2012'!G9,'2013'!G9,'2014'!G9,'2015'!G9,'2016'!G9,'2017'!G9,'2018'!G9,'2019'!G9,'2020'!G9,'2021'!G9,'2022'!G9,'2023'!G9,'2024'!G9,'2025'!G9) | H9: =AVERAGE('1991'!H9,'1992'!H9,'1993'!H9,'1994'!H9,'1995'!H9,'1996'!H9,'1997'!H9,'1998'!H9,'1999'!H9,'2000'!H9,'2001'!H9,'2002'!H9,'2003'!H9,'2004'!H9,'2005'!H9,'2006'!H9,'2007'!H9,'2008'!H9,'2009'!H9,'2010'!H9,'2011'!H9,'2012'!H9,'2013'!H9,'2014'!H9,'2015'!H9,'2016'!H9,'2017'!H9,'2018'!H9,'2019'!H9,'2020'!H9,'2021'!H9,'2022'!H9,'2023'!H9,'2024'!H9,'2025'!H9) | I9: =AVERAGE('1991'!I9,'1992'!I9,'1993'!I9,'1994'!I9,'1995'!I9,'1996'!I9,'1997'!I9,'1998'!I9,'1999'!I9,'2000'!I9,'2001'!I9,'2002'!I9,'2003'!I9,'2004'!I9,'2005'!I9,'2006'!I9,'2007'!I9,'2008'!I9,'2009'!I9,'2010'!I9,'2011'!I9,'2012'!I9,'2013'!I9,'2014'!I9,'2015'!I9,'2016'!I9,'2017'!I9,'2018'!I9,'2019'!I9,'2020'!I9,'2021'!I9,'2022'!I9,'2023'!I9,'2024'!I9,'2025'!I9) | ... M9: =AVERAGE('1991'!M9,'1992'!M9,'1993'!M9,'1994'!M9,'1995'!M9,'1996'!M9,'1997'!M9,'1998'!M9,'1999'!M9,'2000'!M9,'2001'!M9,'2002'!M9,'2003'!M9,'2004'!M9,'2005'!M9,'2006'!M9,'2007'!M9,'2008'!M9,'2009'!M9,'2010'!M9,'2011'!M9,'2012'!M9,'2013'!M9,'2014'!M9,'2015'!M9,'2016'!M9,'2017'!M9,'2018'!M9,'2019'!M9,'2020'!M9,'2021'!M9,'2022'!M9,'2023'!M9,'2024'!M9,'2025'!M9) | N9: =MAX(B9:M9)
A10: Apsolutni minimum | B10: =AVERAGE('1991'!B10,'1992'!B10,'1993'!B10,'1994'!B10,'1995'!B10,'1996'!B10,'1997'!B10,'1998'!B10,'1999'!B10,'2000'!B10,'2001'!B10,'2002'!B10,'2003'!B10,'2004'!B10,'2005'!B10,'2006'!B10,'2007'!B10,'2008'!B10,'2009'!B10,'2010'!B10,'2011'!B10,'2012'!B10,'2013'!B10,'2014'!B10,'2015'!B10,'2016'!B10,'2017'!B10,'2018'!B10,'2019'!B10,'2020'!B10,'2021'!B10,'2022'!B10,'2023'!B10,'2024'!B10,'2025'!B10) | C10: =AVERAGE('1991'!C10,'1992'!C10,'1993'!C10,'1994'!C10,'1995'!C10,'1996'!C10,'1997'!C10,'1998'!C10,'1999'!C10,'2000'!C10,'2001'!C10,'2002'!C10,'2003'!C10,'2004'!C10,'2005'!C10,'2006'!C10,'2007'!C10,'2008'!C10,'2009'!C10,'2010'!C10,'2011'!C10,'2012'!C10,'2013'!C10,'2014'!C10,'2015'!C10,'2016'!C10,'2017'!C10,'2018'!C10,'2019'!C10,'2020'!C10,'2021'!C10,'2022'!C10,'2023'!C10,'2024'!C10,'2025'!C10) | D10: =AVERAGE('1991'!D10,'1992'!D10,'1993'!D10,'1994'!D10,'1995'!D10,'1996'!D10,'1997'!D10,'1998'!D10,'1999'!D10,'2000'!D10,'2001'!D10,'2002'!D10,'2003'!D10,'2004'!D10,'2005'!D10,'2006'!D10,'2007'!D10,'2008'!D10,'2009'!D10,'2010'!D10,'2011'!D10,'2012'!D10,'2013'!D10,'2014'!D10,'2015'!D10,'2016'!D10,'2017'!D10,'2018'!D10,'2019'!D10,'2020'!D10,'2021'!D10,'2022'!D10,'2023'!D10,'2024'!D10,'2025'!D10) | E10: =AVERAGE('1991'!E10,'1992'!E10,'1993'!E10,'1994'!E10,'1995'!E10,'1996'!E10,'1997'!E10,'1998'!E10,'1999'!E10,'2000'!E10,'2001'!E10,'2002'!E10,'2003'!E10,'2004'!E10,'2005'!E10,'2006'!E10,'2007'!E10,'2008'!E10,'2009'!E10,'2010'!E10,'2011'!E10,'2012'!E10,'2013'!E10,'2014'!E10,'2015'!E10,'2016'!E10,'2017'!E10,'2018'!E10,'2019'!E10,'2020'!E10,'2021'!E10,'2022'!E10,'2023'!E10,'2024'!E10,'2025'!E10) | F10: =AVERAGE('1991'!F10,'1992'!F10,'1993'!F10,'1994'!F10,'1995'!F10,'1996'!F10,'1997'!F10,'1998'!F10,'1999'!F10,'2000'!F10,'2001'!F10,'2002'!F10,'2003'!F10,'2004'!F10,'2005'!F10,'2006'!F10,'2007'!F10,'2008'!F10,'2009'!F10,'2010'!F10,'2011'!F10,'2012'!F10,'2013'!F10,'2014'!F10,'2015'!F10,'2016'!F10,'2017'!F10,'2018'!F10,'2019'!F10,'2020'!F10,'2021'!F10,'2022'!F10,'2023'!F10,'2024'!F10,'2025'!F10) | G10: =AVERAGE('1991'!G10,'1992'!G10,'1993'!G10,'1994'!G10,'1995'!G10,'1996'!G10,'1997'!G10,'1998'!G10,'1999'!G10,'2000'!G10,'2001'!G10,'2002'!G10,'2003'!G10,'2004'!G10,'2005'!G10,'2006'!G10,'2007'!G10,'2008'!G10,'2009'!G10,'2010'!G10,'2011'!G10,'2012'!G10,'2013'!G10,'2014'!G10,'2015'!G10,'2016'!G10,'2017'!G10,'2018'!G10,'2019'!G10,'2020'!G10,'2021'!G10,'2022'!G10,'2023'!G10,'2024'!G10,'2025'!G10) | H10: =AVERAGE('1991'!H10,'1992'!H10,'1993'!H10,'1994'!H10,'1995'!H10,'1996'!H10,'1997'!H10,'1998'!H10,'1999'!H10,'2000'!H10,'2001'!H10,'2002'!H10,'2003'!H10,'2004'!H10,'2005'!H10,'2006'!H10,'2007'!H10,'2008'!H10,'2009'!H10,'2010'!H10,'2011'!H10,'2012'!H10,'2013'!H10,'2014'!H10,'2015'!H10,'2016'!H10,'2017'!H10,'2018'!H10,'2019'!H10,'2020'!H10,'2021'!H10,'2022'!H10,'2023'!H10,'2024'!H10,'2025'!H10) | I10: =AVERAGE('1991'!I10,'1992'!I10,'1993'!I10,'1994'!I10,'1995'!I10,'1996'!I10,'1997'!I10,'1998'!I10,'1999'!I10,'2000'!I10,'2001'!I10,'2002'!I10,'2003'!I10,'2004'!I10,'2005'!I10,'2006'!I10,'2007'!I10,'2008'!I10,'2009'!I10,'2010'!I10,'2011'!I10,'2012'!I10,'2013'!I10,'2014'!I10,'2015'!I10,'2016'!I10,'2017'!I10,'2018'!I10,'2019'!I10,'2020'!I10,'2021'!I10,'2022'!I10,'2023'!I10,'2024'!I10,'2025'!I10) | ... M10: =AVERAGE('1991'!M10,'1992'!M10,'1993'!M10,'1994'!M10,'1995'!M10,'1996'!M10,'1997'!M10,'1998'!M10,'1999'!M10,'2000'!M10,'2001'!M10,'2002'!M10,'2003'!M10,'2004'!M10,'2005'!M10,'2006'!M10,'2007'!M10,'2008'!M10,'2009'!M10,'2010'!M10,'2011'!M10,'2012'!M10,'2013'!M10,'2014'!M10,'2015'!M10,'2016'!M10,'2017'!M10,'2018'!M10,'2019'!M10,'2020'!M10,'2021'!M10,'2022'!M10,'2023'!M10,'2024'!M10,'2025'!M10) | N10: =MIN(B10:M10)
A11: Sr. br. mraznih dana | B11: =AVERAGE('1991'!B11,'1992'!B11,'1993'!B11,'1994'!B11,'1995'!B11,'1996'!B11,'1997'!B11,'1998'!B11,'1999'!B11,'2000'!B11,'2001'!B11,'2002'!B11,'2003'!B11,'2004'!B11,'2005'!B11,'2006'!B11,'2007'!B11,'2008'!B11,'2009'!B11,'2010'!B11,'2011'!B11,'2012'!B11,'2013'!B11,'2014'!B11,'2015'!B11,'2016'!B11,'2017'!B11,'2018'!B11,'2019'!B11,'2020'!B11,'2021'!B11,'2022'!B11,'2023'!B11,'2024'!B11,'2025'!B11) | C11: =AVERAGE('1991'!C11,'1992'!C11,'1993'!C11,'1994'!C11,'1995'!C11,'1996'!C11,'1997'!C11,'1998'!C11,'1999'!C11,'2000'!C11,'2001'!C11,'2002'!C11,'2003'!C11,'2004'!C11,'2005'!C11,'2006'!C11,'2007'!C11,'2008'!C11,'2009'!C11,'2010'!C11,'2011'!C11,'2012'!C11,'2013'!C11,'2014'!C11,'2015'!C11,'2016'!C11,'2017'!C11,'2018'!C11,'2019'!C11,'2020'!C11,'2021'!C11,'2022'!C11,'2023'!C11,'2024'!C11,'2025'!C11) | D11: =AVERAGE('1991'!D11,'1992'!D11,'1993'!D11,'1994'!D11,'1995'!D11,'1996'!D11,'1997'!D11,'1998'!D11,'1999'!D11,'2000'!D11,'2001'!D11,'2002'!D11,'2003'!D11,'2004'!D11,'2005'!D11,'2006'!D11,'2007'!D11,'2008'!D11,'2009'!D11,'2010'!D11,'2011'!D11,'2012'!D11,'2013'!D11,'2014'!D11,'2015'!D11,'2016'!D11,'2017'!D11,'2018'!D11,'2019'!D11,'2020'!D11,'2021'!D11,'2022'!D11,'2023'!D11,'2024'!D11,'2025'!D11) | E11: =AVERAGE('1991'!E11,'1992'!E11,'1993'!E11,'1994'!E11,'1995'!E11,'1996'!E11,'1997'!E11,'1998'!E11,'1999'!E11,'2000'!E11,'2001'!E11,'2002'!E11,'2003'!E11,'2004'!E11,'2005'!E11,'2006'!E11,'2007'!E11,'2008'!E11,'2009'!E11,'2010'!E11,'2011'!E11,'2012'!E11,'2013'!E11,'2014'!E11,'2015'!E11,'2016'!E11,'2017'!E11,'2018'!E11,'2019'!E11,'2020'!E11,'2021'!E11,'2022'!E11,'2023'!E11,'2024'!E11,'2025'!E11) | F11: =AVERAGE('1991'!F11,'1992'!F11,'1993'!F11,'1994'!F11,'1995'!F11,'1996'!F11,'1997'!F11,'1998'!F11,'1999'!F11,'2000'!F11,'2001'!F11,'2002'!F11,'2003'!F11,'2004'!F11,'2005'!F11,'2006'!F11,'2007'!F11,'2008'!F11,'2009'!F11,'2010'!F11,'2011'!F11,'2012'!F11,'2013'!F11,'2014'!F11,'2015'!F11,'2016'!F11,'2017'!F11,'2018'!F11,'2019'!F11,'2020'!F11,'2021'!F11,'2022'!F11,'2023'!F11,'2024'!F11,'2025'!F11) | G11: =AVERAGE('1991'!G11,'1992'!G11,'1993'!G11,'1994'!G11,'1995'!G11,'1996'!G11,'1997'!G11,'1998'!G11,'1999'!G11,'2000'!G11,'2001'!G11,'2002'!G11,'2003'!G11,'2004'!G11,'2005'!G11,'2006'!G11,'2007'!G11,'2008'!G11,'2009'!G11,'2010'!G11,'2011'!G11,'2012'!G11,'2013'!G11,'2014'!G11,'2015'!G11,'2016'!G11,'2017'!G11,'2018'!G11,'2019'!G11,'2020'!G11,'2021'!G11,'2022'!G11,'2023'!G11,'2024'!G11,'2025'!G11) | H11: =AVERAGE('1991'!H11,'1992'!H11,'1993'!H11,'1994'!H11,'1995'!H11,'1996'!H11,'1997'!H11,'1998'!H11,'1999'!H11,'2000'!H11,'2001'!H11,'2002'!H11,'2003'!H11,'2004'!H11,'2005'!H11,'2006'!H11,'2007'!H11,'2008'!H11,'2009'!H11,'2010'!H11,'2011'!H11,'2012'!H11,'2013'!H11,'2014'!H11,'2015'!H11,'2016'!H11,'2017'!H11,'2018'!H11,'2019'!H11,'2020'!H11,'2021'!H11,'2022'!H11,'2023'!H11,'2024'!H11,'2025'!H11) | I11: =AVERAGE('1991'!I11,'1992'!I11,'1993'!I11,'1994'!I11,'1995'!I11,'1996'!I11,'1997'!I11,'1998'!I11,'1999'!I11,'2000'!I11,'2001'!I11,'2002'!I11,'2003'!I11,'2004'!I11,'2005'!I11,'2006'!I11,'2007'!I11,'2008'!I11,'2009'!I11,'2010'!I11,'2011'!I11,'2012'!I11,'2013'!I11,'2014'!I11,'2015'!I11,'2016'!I11,'2017'!I11,'2018'!I11,'2019'!I11,'2020'!I11,'2021'!I11,'2022'!I11,'2023'!I11,'2024'!I11,'2025'!I11) | ... M11: =AVERAGE('1991'!M11,'1992'!M11,'1993'!M11,'1994'!M11,'1995'!M11,'1996'!M11,'1997'!M11,'1998'!M11,'1999'!M11,'2000'!M11,'2001'!M11,'2002'!M11,'2003'!M11,'2004'!M11,'2005'!M11,'2006'!M11,'2007'!M11,'2008'!M11,'2009'!M11,'2010'!M11,'2011'!M11,'2012'!M11,'2013'!M11,'2014'!M11,'2015'!M11,'2016'!M11,'2017'!M11,'2018'!M11,'2019'!M11,'2020'!M11,'2021'!M11,'2022'!M11,'2023'!M11,'2024'!M11,'2025'!M11) | N11: =SUM(B11:M11)
A12: Sr. br. tropskih dana | B12: =AVERAGE('1991'!B12,'1992'!B12,'1993'!B12,'1994'!B12,'1995'!B12,'1996'!B12,'1997'!B12,'1998'!B12,'1999'!B12,'2000'!B12,'2001'!B12,'2002'!B12,'2003'!B12,'2004'!B12,'2005'!B12,'2006'!B12,'2007'!B12,'2008'!B12,'2009'!B12,'2010'!B12,'2011'!B12,'2012'!B12,'2013'!B12,'2014'!B12,'2015'!B12,'2016'!B12,'2017'!B12,'2018'!B12,'2019'!B12,'2020'!B12,'2021'!B12,'2022'!B12,'2023'!B12,'2024'!B12,'2025'!B12) | C12: =AVERAGE('1991'!C12,'1992'!C12,'1993'!C12,'1994'!C12,'1995'!C12,'1996'!C12,'1997'!C12,'1998'!C12,'1999'!C12,'2000'!C12,'2001'!C12,'2002'!C12,'2003'!C12,'2004'!C12,'2005'!C12,'2006'!C12,'2007'!C12,'2008'!C12,'2009'!C12,'2010'!C12,'2011'!C12,'2012'!C12,'2013'!C12,'2014'!C12,'2015'!C12,'2016'!C12,'2017'!C12,'2018'!C12,'2019'!C12,'2020'!C12,'2021'!C12,'2022'!C12,'2023'!C12,'2024'!C12,'2025'!C12) | D12: =AVERAGE('1991'!D12,'1992'!D12,'1993'!D12,'1994'!D12,'1995'!D12,'1996'!D12,'1997'!D12,'1998'!D12,'1999'!D12,'2000'!D12,'2001'!D12,'2002'!D12,'2003'!D12,'2004'!D12,'2005'!D12,'2006'!D12,'2007'!D12,'2008'!D12,'2009'!D12,'2010'!D12,'2011'!D12,'2012'!D12,'2013'!D12,'2014'!D12,'2015'!D12,'2016'!D12,'2017'!D12,'2018'!D12,'2019'!D12,'2020'!D12,'2021'!D12,'2022'!D12,'2023'!D12,'2024'!D12,'2025'!D12) | E12: =AVERAGE('1991'!E12,'1992'!E12,'1993'!E12,'1994'!E12,'1995'!E12,'1996'!E12,'1997'!E12,'1998'!E12,'1999'!E12,'2000'!E12,'2001'!E12,'2002'!E12,'2003'!E12,'2004'!E12,'2005'!E12,'2006'!E12,'2007'!E12,'2008'!E12,'2009'!E12,'2010'!E12,'2011'!E12,'2012'!E12,'2013'!E12,'2014'!E12,'2015'!E12,'2016'!E12,'2017'!E12,'2018'!E12,'2019'!E12,'2020'!E12,'2021'!E12,'2022'!E12,'2023'!E12,'2024'!E12,'2025'!E12) | F12: =AVERAGE('1991'!F12,'1992'!F12,'1993'!F12,'1994'!F12,'1995'!F12,'1996'!F12,'1997'!F12,'1998'!F12,'1999'!F12,'2000'!F12,'2001'!F12,'2002'!F12,'2003'!F12,'2004'!F12,'2005'!F12,'2006'!F12,'2007'!F12,'2008'!F12,'2009'!F12,'2010'!F12,'2011'!F12,'2012'!F12,'2013'!F12,'2014'!F12,'2015'!F12,'2016'!F12,'2017'!F12,'2018'!F12,'2019'!F12,'2020'!F12,'2021'!F12,'2022'!F12,'2023'!F12,'2024'!F12,'2025'!F12) | G12: =AVERAGE('1991'!G12,'1992'!G12,'1993'!G12,'1994'!G12,'1995'!G12,'1996'!G12,'1997'!G12,'1998'!G12,'1999'!G12,'2000'!G12,'2001'!G12,'2002'!G12,'2003'!G12,'2004'!G12,'2005'!G12,'2006'!G12,'2007'!G12,'2008'!G12,'2009'!G12,'2010'!G12,'2011'!G12,'2012'!G12,'2013'!G12,'2014'!G12,'2015'!G12,'2016'!G12,'2017'!G12,'2018'!G12,'2019'!G12,'2020'!G12,'2021'!G12,'2022'!G12,'2023'!G12,'2024'!G12,'2025'!G12) | H12: =AVERAGE('1991'!H12,'1992'!H12,'1993'!H12,'1994'!H12,'1995'!H12,'1996'!H12,'1997'!H12,'1998'!H12,'1999'!H12,'2000'!H12,'2001'!H12,'2002'!H12,'2003'!H12,'2004'!H12,'2005'!H12,'2006'!H12,'2007'!H12,'2008'!H12,'2009'!H12,'2010'!H12,'2011'!H12,'2012'!H12,'2013'!H12,'2014'!H12,'2015'!H12,'2016'!H12,'2017'!H12,'2018'!H12,'2019'!H12,'2020'!H12,'2021'!H12,'2022'!H12,'2023'!H12,'2024'!H12,'2025'!H12) | I12: =AVERAGE('1991'!I12,'1992'!I12,'1993'!I12,'1994'!I12,'1995'!I12,'1996'!I12,'1997'!I12,'1998'!I12,'1999'!I12,'2000'!I12,'2001'!I12,'2002'!I12,'2003'!I12,'2004'!I12,'2005'!I12,'2006'!I12,'2007'!I12,'2008'!I12,'2009'!I12,'2010'!I12,'2011'!I12,'2012'!I12,'2013'!I12,'2014'!I12,'2015'!I12,'2016'!I12,'2017'!I12,'2018'!I12,'2019'!I12,'2020'!I12,'2021'!I12,'2022'!I12,'2023'!I12,'2024'!I12,'2025'!I12) | ... M12: =AVERAGE('1991'!M12,'1992'!M12,'1993'!M12,'1994'!M12,'1995'!M12,'1996'!M12,'1997'!M12,'1998'!M12,'1999'!M12,'2000'!M12,'2001'!M12,'2002'!M12,'2003'!M12,'2004'!M12,'2005'!M12,'2006'!M12,'2007'!M12,'2008'!M12,'2009'!M12,'2010'!M12,'2011'!M12,'2012'!M12,'2013'!M12,'2014'!M12,'2015'!M12,'2016'!M12,'2017'!M12,'2018'!M12,'2019'!M12,'2020'!M12,'2021'!M12,'2022'!M12,'2023'!M12,'2024'!M12,'2025'!M12) | N12: =SUM(B12:M12)
A13: RELATIVNA VLAGA (%)
A14: Prosek | B14: =AVERAGE('1991'!B14,'1992'!B14,'1993'!B14,'1994'!B14,'1995'!B14,'1996'!B14,'1997'!B14,'1998'!B14,'1999'!B14,'2000'!B14,'2001'!B14,'2002'!B14,'2003'!B14,'2004'!B14,'2005'!B14,'2006'!B14,'2007'!B14,'2008'!B14,'2009'!B14,'2010'!B14,'2011'!B14,'2012'!B14,'2013'!B14,'2014'!B14,'2015'!B14,'2016'!B14,'2017'!B14,'2018'!B14,'2019'!B14,'2020'!B14,'2021'!B14,'2022'!B14,'2023'!B14,'2024'!B14,'2025'!B14) | C14: =AVERAGE('1991'!C14,'1992'!C14,'1993'!C14,'1994'!C14,'1995'!C14,'1996'!C14,'1997'!C14,'1998'!C14,'1999'!C14,'2000'!C14,'2001'!C14,'2002'!C14,'2003'!C14,'2004'!C14,'2005'!C14,'2006'!C14,'2007'!C14,'2008'!C14,'2009'!C14,'2010'!C14,'2011'!C14,'2012'!C14,'2013'!C14,'2014'!C14,'2015'!C14,'2016'!C14,'2017'!C14,'2018'!C14,'2019'!C14,'2020'!C14,'2021'!C14,'2022'!C14,'2023'!C14,'2024'!C14,'2025'!C14) | D14: =AVERAGE('1991'!D14,'1992'!D14,'1993'!D14,'1994'!D14,'1995'!D14,'1996'!D14,'1997'!D14,'1998'!D14,'1999'!D14,'2000'!D14,'2001'!D14,'2002'!D14,'2003'!D14,'2004'!D14,'2005'!D14,'2006'!D14,'2007'!D14,'2008'!D14,'2009'!D14,'2010'!D14,'2011'!D14,'2012'!D14,'2013'!D14,'2014'!D14,'2015'!D14,'2016'!D14,'2017'!D14,'2018'!D14,'2019'!D14,'2020'!D14,'2021'!D14,'2022'!D14,'2023'!D14,'2024'!D14,'2025'!D14) | E14: =AVERAGE('1991'!E14,'1992'!E14,'1993'!E14,'1994'!E14,'1995'!E14,'1996'!E14,'1997'!E14,'1998'!E14,'1999'!E14,'2000'!E14,'2001'!E14,'2002'!E14,'2003'!E14,'2004'!E14,'2005'!E14,'2006'!E14,'2007'!E14,'2008'!E14,'2009'!E14,'2010'!E14,'2011'!E14,'2012'!E14,'2013'!E14,'2014'!E14,'2015'!E14,'2016'!E14,'2017'!E14,'2018'!E14,'2019'!E14,'2020'!E14,'2021'!E14,'2022'!E14,'2023'!E14,'2024'!E14,'2025'!E14) | F14: =AVERAGE('1991'!F14,'1992'!F14,'1993'!F14,'1994'!F14,'1995'!F14,'1996'!F14,'1997'!F14,'1998'!F14,'1999'!F14,'2000'!F14,'2001'!F14,'2002'!F14,'2003'!F14,'2004'!F14,'2005'!F14,'2006'!F14,'2007'!F14,'2008'!F14,'2009'!F14,'2010'!F14,'2011'!F14,'2012'!F14,'2013'!F14,'2014'!F14,'2015'!F14,'2016'!F14,'2017'!F14,'2018'!F14,'2019'!F14,'2020'!F14,'2021'!F14,'2022'!F14,'2023'!F14,'2024'!F14,'2025'!F14) | G14: =AVERAGE('1991'!G14,'1992'!G14,'1993'!G14,'1994'!G14,'1995'!G14,'1996'!G14,'1997'!G14,'1998'!G14,'1999'!G14,'2000'!G14,'2001'!G14,'2002'!G14,'2003'!G14,'2004'!G14,'2005'!G14,'2006'!G14,'2007'!G14,'2008'!G14,'2009'!G14,'2010'!G14,'2011'!G14,'2012'!G14,'2013'!G14,'2014'!G14,'2015'!G14,'2016'!G14,'2017'!G14,'2018'!G14,'2019'!G14,'2020'!G14,'2021'!G14,'2022'!G14,'2023'!G14,'2024'!G14,'2025'!G14) | H14: =AVERAGE('1991'!H14,'1992'!H14,'1993'!H14,'1994'!H14,'1995'!H14,'1996'!H14,'1997'!H14,'1998'!H14,'1999'!H14,'2000'!H14,'2001'!H14,'2002'!H14,'2003'!H14,'2004'!H14,'2005'!H14,'2006'!H14,'2007'!H14,'2008'!H14,'2009'!H14,'2010'!H14,'2011'!H14,'2012'!H14,'2013'!H14,'2014'!H14,'2015'!H14,'2016'!H14,'2017'!H14,'2018'!H14,'2019'!H14,'2020'!H14,'2021'!H14,'2022'!H14,'2023'!H14,'2024'!H14,'2025'!H14) | I14: =AVERAGE('1991'!I14,'1992'!I14,'1993'!I14,'1994'!I14,'1995'!I14,'1996'!I14,'1997'!I14,'1998'!I14,'1999'!I14,'2000'!I14,'2001'!I14,'2002'!I14,'2003'!I14,'2004'!I14,'2005'!I14,'2006'!I14,'2007'!I14,'2008'!I14,'2009'!I14,'2010'!I14,'2011'!I14,'2012'!I14,'2013'!I14,'2014'!I14,'2015'!I14,'2016'!I14,'2017'!I14,'2018'!I14,'2019'!I14,'2020'!I14,'2021'!I14,'2022'!I14,'2023'!I14,'2024'!I14,'2025'!I14) | ... M14: =AVERAGE('1991'!M14,'1992'!M14,'1993'!M14,'1994'!M14,'1995'!M14,'1996'!M14,'1997'!M14,'1998'!M14,'1999'!M14,'2000'!M14,'2001'!M14,'2002'!M14,'2003'!M14,'2004'!M14,'2005'!M14,'2006'!M14,'2007'!M14,'2008'!M14,'2009'!M14,'2010'!M14,'2011'!M14,'2012'!M14,'2013'!M14,'2014'!M14,'2015'!M14,'2016'!M14,'2017'!M14,'2018'!M14,'2019'!M14,'2020'!M14,'2021'!M14,'2022'!M14,'2023'!M14,'2024'!M14,'2025'!M14) | N14: =AVERAGE(B14:M14)
A15: TRAJANJE SIJANJA SUNCA (h)
A16: Prosek | B16: =AVERAGE('1991'!B16,'1992'!B16,'1993'!B16,'1994'!B16,'1995'!B16,'1996'!B16,'1997'!B16,'1998'!B16,'1999'!B16,'2000'!B16,'2001'!B16,'2002'!B16,'2003'!B16,'2004'!B16,'2005'!B16,'2006'!B16,'2007'!B16,'2008'!B16,'2009'!B16,'2010'!B16,'2011'!B16,'2012'!B16,'2013'!B16,'2014'!B16,'2015'!B16,'2016'!B16,'2017'!B16,'2018'!B16,'2019'!B16,'2020'!B16,'2021'!B16,'2022'!B16,'2023'!B16,'2024'!B16,'2025'!B16) | C16: =AVERAGE('1991'!C16,'1992'!C16,'1993'!C16,'1994'!C16,'1995'!C16,'1996'!C16,'1997'!C16,'1998'!C16,'1999'!C16,'2000'!C16,'2001'!C16,'2002'!C16,'2003'!C16,'2004'!C16,'2005'!C16,'2006'!C16,'2007'!C16,'2008'!C16,'2009'!C16,'2010'!C16,'2011'!C16,'2012'!C16,'2013'!C16,'2014'!C16,'2015'!C16,'2016'!C16,'2017'!C16,'2018'!C16,'2019'!C16,'2020'!C16,'2021'!C16,'2022'!C16,'2023'!C16,'2024'!C16,'2025'!C16) | D16: =AVERAGE('1991'!D16,'1992'!D16,'1993'!D16,'1994'!D16,'1995'!D16,'1996'!D16,'1997'!D16,'1998'!D16,'1999'!D16,'2000'!D16,'2001'!D16,'2002'!D16,'2003'!D16,'2004'!D16,'2005'!D16,'2006'!D16,'2007'!D16,'2008'!D16,'2009'!D16,'2010'!D16,'2011'!D16,'2012'!D16,'2013'!D16,'2014'!D16,'2015'!D16,'2016'!D16,'2017'!D16,'2018'!D16,'2019'!D16,'2020'!D16,'2021'!D16,'2022'!D16,'2023'!D16,'2024'!D16,'2025'!D16) | E16: =AVERAGE('1991'!E16,'1992'!E16,'1993'!E16,'1994'!E16,'1995'!E16,'1996'!E16,'1997'!E16,'1998'!E16,'1999'!E16,'2000'!E16,'2001'!E16,'2002'!E16,'2003'!E16,'2004'!E16,'2005'!E16,'2006'!E16,'2007'!E16,'2008'!E16,'2009'!E16,'2010'!E16,'2011'!E16,'2012'!E16,'2013'!E16,'2014'!E16,'2015'!E16,'2016'!E16,'2017'!E16,'2018'!E16,'2019'!E16,'2020'!E16,'2021'!E16,'2022'!E16,'2023'!E16,'2024'!E16,'2025'!E16) | F16: =AVERAGE('1991'!F16,'1992'!F16,'1993'!F16,'1994'!F16,'1995'!F16,'1996'!F16,'1997'!F16,'1998'!F16,'1999'!F16,'2000'!F16,'2001'!F16,'2002'!F16,'2003'!F16,'2004'!F16,'2005'!F16,'2006'!F16,'2007'!F16,'2008'!F16,'2009'!F16,'2010'!F16,'2011'!F16,'2012'!F16,'2013'!F16,'2014'!F16,'2015'!F16,'2016'!F16,'2017'!F16,'2018'!F16,'2019'!F16,'2020'!F16,'2021'!F16,'2022'!F16,'2023'!F16,'2024'!F16,'2025'!F16) | G16: =AVERAGE('1991'!G16,'1992'!G16,'1993'!G16,'1994'!G16,'1995'!G16,'1996'!G16,'1997'!G16,'1998'!G16,'1999'!G16,'2000'!G16,'2001'!G16,'2002'!G16,'2003'!G16,'2004'!G16,'2005'!G16,'2006'!G16,'2007'!G16,'2008'!G16,'2009'!G16,'2010'!G16,'2011'!G16,'2012'!G16,'2013'!G16,'2014'!G16,'2015'!G16,'2016'!G16,'2017'!G16,'2018'!G16,'2019'!G16,'2020'!G16,'2021'!G16,'2022'!G16,'2023'!G16,'2024'!G16,'2025'!G16) | H16: =AVERAGE('1991'!H16,'1992'!H16,'1993'!H16,'1994'!H16,'1995'!H16,'1996'!H16,'1997'!H16,'1998'!H16,'1999'!H16,'2000'!H16,'2001'!H16,'2002'!H16,'2003'!H16,'2004'!H16,'2005'!H16,'2006'!H16,'2007'!H16,'2008'!H16,'2009'!H16,'2010'!H16,'2011'!H16,'2012'!H16,'2013'!H16,'2014'!H16,'2015'!H16,'2016'!H16,'2017'!H16,'2018'!H16,'2019'!H16,'2020'!H16,'2021'!H16,'2022'!H16,'2023'!H16,'2024'!H16,'2025'!H16) | I16: =AVERAGE('1991'!I16,'1992'!I16,'1993'!I16,'1994'!I16,'1995'!I16,'1996'!I16,'1997'!I16,'1998'!I16,'1999'!I16,'2000'!I16,'2001'!I16,'2002'!I16,'2003'!I16,'2004'!I16,'2005'!I16,'2006'!I16,'2007'!I16,'2008'!I16,'2009'!I16,'2010'!I16,'2011'!I16,'2012'!I16,'2013'!I16,'2014'!I16,'2015'!I16,'2016'!I16,'2017'!I16,'2018'!I16,'2019'!I16,'2020'!I16,'2021'!I16,'2022'!I16,'2023'!I16,'2024'!I16,'2025'!I16) | ... M16: =AVERAGE('1991'!M16,'1992'!M16,'1993'!M16,'1994'!M16,'1995'!M16,'1996'!M16,'1997'!M16,'1998'!M16,'1999'!M16,'2000'!M16,'2001'!M16,'2002'!M16,'2003'!M16,'2004'!M16,'2005'!M16,'2006'!M16,'2007'!M16,'2008'!M16,'2009'!M16,'2010'!M16,'2011'!M16,'2012'!M16,'2013'!M16,'2014'!M16,'2015'!M16,'2016'!M16,'2017'!M16,'2018'!M16,'2019'!M16,'2020'!M16,'2021'!M16,'2022'!M16,'2023'!M16,'2024'!M16,'2025'!M16) | N16: =SUM(B16:M16)
A17: Broj vedrih dana | B17: =AVERAGE('1991'!B17,'1992'!B17,'1993'!B17,'1994'!B17,'1995'!B17,'1996'!B17,'1997'!B17,'1998'!B17,'1999'!B17,'2000'!B17,'2001'!B17,'2002'!B17,'2003'!B17,'2004'!B17,'2005'!B17,'2006'!B17,'2007'!B17,'2008'!B17,'2009'!B17,'2010'!B17,'2011'!B17,'2012'!B17,'2013'!B17,'2014'!B17,'2015'!B17,'2016'!B17,'2017'!B17,'2018'!B17,'2019'!B17,'2020'!B17,'2021'!B17,'2022'!B17,'2023'!B17,'2024'!B17,'2025'!B17) | C17: =AVERAGE('1991'!C17,'1992'!C17,'1993'!C17,'1994'!C17,'1995'!C17,'1996'!C17,'1997'!C17,'1998'!C17,'1999'!C17,'2000'!C17,'2001'!C17,'2002'!C17,'2003'!C17,'2004'!C17,'2005'!C17,'2006'!C17,'2007'!C17,'2008'!C17,'2009'!C17,'2010'!C17,'2011'!C17,'2012'!C17,'2013'!C17,'2014'!C17,'2015'!C17,'2016'!C17,'2017'!C17,'2018'!C17,'2019'!C17,'2020'!C17,'2021'!C17,'2022'!C17,'2023'!C17,'2024'!C17,'2025'!C17) | D17: =AVERAGE('1991'!D17,'1992'!D17,'1993'!D17,'1994'!D17,'1995'!D17,'1996'!D17,'1997'!D17,'1998'!D17,'1999'!D17,'2000'!D17,'2001'!D17,'2002'!D17,'2003'!D17,'2004'!D17,'2005'!D17,'2006'!D17,'2007'!D17,'2008'!D17,'2009'!D17,'2010'!D17,'2011'!D17,'2012'!D17,'2013'!D17,'2014'!D17,'2015'!D17,'2016'!D17,'2017'!D17,'2018'!D17,'2019'!D17,'2020'!D17,'2021'!D17,'2022'!D17,'2023'!D17,'2024'!D17,'2025'!D17) | E17: =AVERAGE('1991'!E17,'1992'!E17,'1993'!E17,'1994'!E17,'1995'!E17,'1996'!E17,'1997'!E17,'1998'!E17,'1999'!E17,'2000'!E17,'2001'!E17,'2002'!E17,'2003'!E17,'2004'!E17,'2005'!E17,'2006'!E17,'2007'!E17,'2008'!E17,'2009'!E17,'2010'!E17,'2011'!E17,'2012'!E17,'2013'!E17,'2014'!E17,'2015'!E17,'2016'!E17,'2017'!E17,'2018'!E17,'2019'!E17,'2020'!E17,'2021'!E17,'2022'!E17,'2023'!E17,'2024'!E17,'2025'!E17) | F17: =AVERAGE('1991'!F17,'1992'!F17,'1993'!F17,'1994'!F17,'1995'!F17,'1996'!F17,'1997'!F17,'1998'!F17,'1999'!F17,'2000'!F17,'2001'!F17,'2002'!F17,'2003'!F17,'2004'!F17,'2005'!F17,'2006'!F17,'2007'!F17,'2008'!F17,'2009'!F17,'2010'!F17,'2011'!F17,'2012'!F17,'2013'!F17,'2014'!F17,'2015'!F17,'2016'!F17,'2017'!F17,'2018'!F17,'2019'!F17,'2020'!F17,'2021'!F17,'2022'!F17,'2023'!F17,'2024'!F17,'2025'!F17) | G17: =AVERAGE('1991'!G17,'1992'!G17,'1993'!G17,'1994'!G17,'1995'!G17,'1996'!G17,'1997'!G17,'1998'!G17,'1999'!G17,'2000'!G17,'2001'!G17,'2002'!G17,'2003'!G17,'2004'!G17,'2005'!G17,'2006'!G17,'2007'!G17,'2008'!G17,'2009'!G17,'2010'!G17,'2011'!G17,'2012'!G17,'2013'!G17,'2014'!G17,'2015'!G17,'2016'!G17,'2017'!G17,'2018'!G17,'2019'!G17,'2020'!G17,'2021'!G17,'2022'!G17,'2023'!G17,'2024'!G17,'2025'!G17) | H17: =AVERAGE('1991'!H17,'1992'!H17,'1993'!H17,'1994'!H17,'1995'!H17,'1996'!H17,'1997'!H17,'1998'!H17,'1999'!H17,'2000'!H17,'2001'!H17,'2002'!H17,'2003'!H17,'2004'!H17,'2005'!H17,'2006'!H17,'2007'!H17,'2008'!H17,'2009'!H17,'2010'!H17,'2011'!H17,'2012'!H17,'2013'!H17,'2014'!H17,'2015'!H17,'2016'!H17,'2017'!H17,'2018'!H17,'2019'!H17,'2020'!H17,'2021'!H17,'2022'!H17,'2023'!H17,'2024'!H17,'2025'!H17) | I17: =AVERAGE('1991'!I17,'1992'!I17,'1993'!I17,'1994'!I17,'1995'!I17,'1996'!I17,'1997'!I17,'1998'!I17,'1999'!I17,'2000'!I17,'2001'!I17,'2002'!I17,'2003'!I17,'2004'!I17,'2005'!I17,'2006'!I17,'2007'!I17,'2008'!I17,'2009'!I17,'2010'!I17,'2011'!I17,'2012'!I17,'2013'!I17,'2014'!I17,'2015'!I17,'2016'!I17,'2017'!I17,'2018'!I17,'2019'!I17,'2020'!I17,'2021'!I17,'2022'!I17,'2023'!I17,'2024'!I17,'2025'!I17) | ... M17: =AVERAGE('1991'!M17,'1992'!M17,'1993'!M17,'1994'!M17,'1995'!M17,'1996'!M17,'1997'!M17,'1998'!M17,'1999'!M17,'2000'!M17,'2001'!M17,'2002'!M17,'2003'!M17,'2004'!M17,'2005'!M17,'2006'!M17,'2007'!M17,'2008'!M17,'2009'!M17,'2010'!M17,'2011'!M17,'2012'!M17,'2013'!M17,'2014'!M17,'2015'!M17,'2016'!M17,'2017'!M17,'2018'!M17,'2019'!M17,'2020'!M17,'2021'!M17,'2022'!M17,'2023'!M17,'2024'!M17,'2025'!M17) | N17: =SUM(B17:M17)
A18: Broj oblačnih dana | B18: =AVERAGE('1991'!B18,'1992'!B18,'1993'!B18,'1994'!B18,'1995'!B18,'1996'!B18,'1997'!B18,'1998'!B18,'1999'!B18,'2000'!B18,'2001'!B18,'2002'!B18,'2003'!B18,'2004'!B18,'2005'!B18,'2006'!B18,'2007'!B18,'2008'!B18,'2009'!B18,'2010'!B18,'2011'!B18,'2012'!B18,'2013'!B18,'2014'!B18,'2015'!B18,'2016'!B18,'2017'!B18,'2018'!B18,'2019'!B18,'2020'!B18,'2021'!B18,'2022'!B18,'2023'!B18,'2024'!B18,'2025'!B18) | C18: =AVERAGE('1991'!C18,'1992'!C18,'1993'!C18,'1994'!C18,'1995'!C18,'1996'!C18,'1997'!C18,'1998'!C18,'1999'!C18,'2000'!C18,'2001'!C18,'2002'!C18,'2003'!C18,'2004'!C18,'2005'!C18,'2006'!C18,'2007'!C18,'2008'!C18,'2009'!C18,'2010'!C18,'2011'!C18,'2012'!C18,'2013'!C18,'2014'!C18,'2015'!C18,'2016'!C18,'2017'!C18,'2018'!C18,'2019'!C18,'2020'!C18,'2021'!C18,'2022'!C18,'2023'!C18,'2024'!C18,'2025'!C18) | D18: =AVERAGE('1991'!D18,'1992'!D18,'1993'!D18,'1994'!D18,'1995'!D18,'1996'!D18,'1997'!D18,'1998'!D18,'1999'!D18,'2000'!D18,'2001'!D18,'2002'!D18,'2003'!D18,'2004'!D18,'2005'!D18,'2006'!D18,'2007'!D18,'2008'!D18,'2009'!D18,'2010'!D18,'2011'!D18,'2012'!D18,'2013'!D18,'2014'!D18,'2015'!D18,'2016'!D18,'2017'!D18,'2018'!D18,'2019'!D18,'2020'!D18,'2021'!D18,'2022'!D18,'2023'!D18,'2024'!D18,'2025'!D18) | E18: =AVERAGE('1991'!E18,'1992'!E18,'1993'!E18,'1994'!E18,'1995'!E18,'1996'!E18,'1997'!E18,'1998'!E18,'1999'!E18,'2000'!E18,'2001'!E18,'2002'!E18,'2003'!E18,'2004'!E18,'2005'!E18,'2006'!E18,'2007'!E18,'2008'!E18,'2009'!E18,'2010'!E18,'2011'!E18,'2012'!E18,'2013'!E18,'2014'!E18,'2015'!E18,'2016'!E18,'2017'!E18,'2018'!E18,'2019'!E18,'2020'!E18,'2021'!E18,'2022'!E18,'2023'!E18,'2024'!E18,'2025'!E18) | F18: =AVERAGE('1991'!F18,'1992'!F18,'1993'!F18,'1994'!F18,'1995'!F18,'1996'!F18,'1997'!F18,'1998'!F18,'1999'!F18,'2000'!F18,'2001'!F18,'2002'!F18,'2003'!F18,'2004'!F18,'2005'!F18,'2006'!F18,'2007'!F18,'2008'!F18,'2009'!F18,'2010'!F18,'2011'!F18,'2012'!F18,'2013'!F18,'2014'!F18,'2015'!F18,'2016'!F18,'2017'!F18,'2018'!F18,'2019'!F18,'2020'!F18,'2021'!F18,'2022'!F18,'2023'!F18,'2024'!F18,'2025'!F18) | G18: =AVERAGE('1991'!G18,'1992'!G18,'1993'!G18,'1994'!G18,'1995'!G18,'1996'!G18,'1997'!G18,'1998'!G18,'1999'!G18,'2000'!G18,'2001'!G18,'2002'!G18,'2003'!G18,'2004'!G18,'2005'!G18,'2006'!G18,'2007'!G18,'2008'!G18,'2009'!G18,'2010'!G18,'2011'!G18,'2012'!G18,'2013'!G18,'2014'!G18,'2015'!G18,'2016'!G18,'2017'!G18,'2018'!G18,'2019'!G18,'2020'!G18,'2021'!G18,'2022'!G18,'2023'!G18,'2024'!G18,'2025'!G18) | H18: =AVERAGE('1991'!H18,'1992'!H18,'1993'!H18,'1994'!H18,'1995'!H18,'1996'!H18,'1997'!H18,'1998'!H18,'1999'!H18,'2000'!H18,'2001'!H18,'2002'!H18,'2003'!H18,'2004'!H18,'2005'!H18,'2006'!H18,'2007'!H18,'2008'!H18,'2009'!H18,'2010'!H18,'2011'!H18,'2012'!H18,'2013'!H18,'2014'!H18,'2015'!H18,'2016'!H18,'2017'!H18,'2018'!H18,'2019'!H18,'2020'!H18,'2021'!H18,'2022'!H18,'2023'!H18,'2024'!H18,'2025'!H18) | I18: =AVERAGE('1991'!I18,'1992'!I18,'1993'!I18,'1994'!I18,'1995'!I18,'1996'!I18,'1997'!I18,'1998'!I18,'1999'!I18,'2000'!I18,'2001'!I18,'2002'!I18,'2003'!I18,'2004'!I18,'2005'!I18,'2006'!I18,'2007'!I18,'2008'!I18,'2009'!I18,'2010'!I18,'2011'!I18,'2012'!I18,'2013'!I18,'2014'!I18,'2015'!I18,'2016'!I18,'2017'!I18,'2018'!I18,'2019'!I18,'2020'!I18,'2021'!I18,'2022'!I18,'2023'!I18,'2024'!I18,'2025'!I18) | ... M18: =AVERAGE('1991'!M18,'1992'!M18,'1993'!M18,'1994'!M18,'1995'!M18,'1996'!M18,'1997'!M18,'1998'!M18,'1999'!M18,'2000'!M18,'2001'!M18,'2002'!M18,'2003'!M18,'2004'!M18,'2005'!M18,'2006'!M18,'2007'!M18,'2008'!M18,'2009'!M18,'2010'!M18,'2011'!M18,'2012'!M18,'2013'!M18,'2014'!M18,'2015'!M18,'2016'!M18,'2017'!M18,'2018'!M18,'2019'!M18,'2020'!M18,'2021'!M18,'2022'!M18,'2023'!M18,'2024'!M18,'2025'!M18) | N18: =SUM(B18:M18)
A19: PADAVINE (mm)
A20: Sr. mesečna suma | B20: =AVERAGE('1991'!B20,'1992'!B20,'1993'!B20,'1994'!B20,'1995'!B20,'1996'!B20,'1997'!B20,'1998'!B20,'1999'!B20,'2000'!B20,'2001'!B20,'2002'!B20,'2003'!B20,'2004'!B20,'2005'!B20,'2006'!B20,'2007'!B20,'2008'!B20,'2009'!B20,'2010'!B20,'2011'!B20,'2012'!B20,'2013'!B20,'2014'!B20,'2015'!B20,'2016'!B20,'2017'!B20,'2018'!B20,'2019'!B20,'2020'!B20,'2021'!B20,'2022'!B20,'2023'!B20,'2024'!B20,'2025'!B20) | C20: =AVERAGE('1991'!C20,'1992'!C20,'1993'!C20,'1994'!C20,'1995'!C20,'1996'!C20,'1997'!C20,'1998'!C20,'1999'!C20,'2000'!C20,'2001'!C20,'2002'!C20,'2003'!C20,'2004'!C20,'2005'!C20,'2006'!C20,'2007'!C20,'2008'!C20,'2009'!C20,'2010'!C20,'2011'!C20,'2012'!C20,'2013'!C20,'2014'!C20,'2015'!C20,'2016'!C20,'2017'!C20,'2018'!C20,'2019'!C20,'2020'!C20,'2021'!C20,'2022'!C20,'2023'!C20,'2024'!C20,'2025'!C20) | D20: =AVERAGE('1991'!D20,'1992'!D20,'1993'!D20,'1994'!D20,'1995'!D20,'1996'!D20,'1997'!D20,'1998'!D20,'1999'!D20,'2000'!D20,'2001'!D20,'2002'!D20,'2003'!D20,'2004'!D20,'2005'!D20,'2006'!D20,'2007'!D20,'2008'!D20,'2009'!D20,'2010'!D20,'2011'!D20,'2012'!D20,'2013'!D20,'2014'!D20,'2015'!D20,'2016'!D20,'2017'!D20,'2018'!D20,'2019'!D20,'2020'!D20,'2021'!D20,'2022'!D20,'2023'!D20,'2024'!D20,'2025'!D20) | E20: =AVERAGE('1991'!E20,'1992'!E20,'1993'!E20,'1994'!E20,'1995'!E20,'1996'!E20,'1997'!E20,'1998'!E20,'1999'!E20,'2000'!E20,'2001'!E20,'2002'!E20,'2003'!E20,'2004'!E20,'2005'!E20,'2006'!E20,'2007'!E20,'2008'!E20,'2009'!E20,'2010'!E20,'2011'!E20,'2012'!E20,'2013'!E20,'2014'!E20,'2015'!E20,'2016'!E20,'2017'!E20,'2018'!E20,'2019'!E20,'2020'!E20,'2021'!E20,'2022'!E20,'2023'!E20,'2024'!E20,'2025'!E20) | F20: =AVERAGE('1991'!F20,'1992'!F20,'1993'!F20,'1994'!F20,'1995'!F20,'1996'!F20,'1997'!F20,'1998'!F20,'1999'!F20,'2000'!F20,'2001'!F20,'2002'!F20,'2003'!F20,'2004'!F20,'2005'!F20,'2006'!F20,'2007'!F20,'2008'!F20,'2009'!F20,'2010'!F20,'2011'!F20,'2012'!F20,'2013'!F20,'2014'!F20,'2015'!F20,'2016'!F20,'2017'!F20,'2018'!F20,'2019'!F20,'2020'!F20,'2021'!F20,'2022'!F20,'2023'!F20,'2024'!F20,'2025'!F20) | G20: =AVERAGE('1991'!G20,'1992'!G20,'1993'!G20,'1994'!G20,'1995'!G20,'1996'!G20,'1997'!G20,'1998'!G20,'1999'!G20,'2000'!G20,'2001'!G20,'2002'!G20,'2003'!G20,'2004'!G20,'2005'!G20,'2006'!G20,'2007'!G20,'2008'!G20,'2009'!G20,'2010'!G20,'2011'!G20,'2012'!G20,'2013'!G20,'2014'!G20,'2015'!G20,'2016'!G20,'2017'!G20,'2018'!G20,'2019'!G20,'2020'!G20,'2021'!G20,'2022'!G20,'2023'!G20,'2024'!G20,'2025'!G20) | H20: =AVERAGE('1991'!H20,'1992'!H20,'1993'!H20,'1994'!H20,'1995'!H20,'1996'!H20,'1997'!H20,'1998'!H20,'1999'!H20,'2000'!H20,'2001'!H20,'2002'!H20,'2003'!H20,'2004'!H20,'2005'!H20,'2006'!H20,'2007'!H20,'2008'!H20,'2009'!H20,'2010'!H20,'2011'!H20,'2012'!H20,'2013'!H20,'2014'!H20,'2015'!H20,'2016'!H20,'2017'!H20,'2018'!H20,'2019'!H20,'2020'!H20,'2021'!H20,'2022'!H20,'2023'!H20,'2024'!H20,'2025'!H20) | I20: =AVERAGE('1991'!I20,'1992'!I20,'1993'!I20,'1994'!I20,'1995'!I20,'1996'!I20,'1997'!I20,'1998'!I20,'1999'!I20,'2000'!I20,'2001'!I20,'2002'!I20,'2003'!I20,'2004'!I20,'2005'!I20,'2006'!I20,'2007'!I20,'2008'!I20,'2009'!I20,'2010'!I20,'2011'!I20,'2012'!I20,'2013'!I20,'2014'!I20,'2015'!I20,'2016'!I20,'2017'!I20,'2018'!I20,'2019'!I20,'2020'!I20,'2021'!I20,'2022'!I20,'2023'!I20,'2024'!I20,'2025'!I20) | ... M20: =AVERAGE('1991'!M20,'1992'!M20,'1993'!M20,'1994'!M20,'1995'!M20,'1996'!M20,'1997'!M20,'1998'!M20,'1999'!M20,'2000'!M20,'2001'!M20,'2002'!M20,'2003'!M20,'2004'!M20,'2005'!M20,'2006'!M20,'2007'!M20,'2008'!M20,'2009'!M20,'2010'!M20,'2011'!M20,'2012'!M20,'2013'!M20,'2014'!M20,'2015'!M20,'2016'!M20,'2017'!M20,'2018'!M20,'2019'!M20,'2020'!M20,'2021'!M20,'2022'!M20,'2023'!M20,'2024'!M20,'2025'!M20) | N20: =SUM(B20:M20)
A21: Max. dnevna suma | B21: =AVERAGE('1991'!B21,'1992'!B21,'1993'!B21,'1994'!B21,'1995'!B21,'1996'!B21,'1997'!B21,'1998'!B21,'1999'!B21,'2000'!B21,'2001'!B21,'2002'!B21,'2003'!B21,'2004'!B21,'2005'!B21,'2006'!B21,'2007'!B21,'2008'!B21,'2009'!B21,'2010'!B21,'2011'!B21,'2012'!B21,'2013'!B21,'2014'!B21,'2015'!B21,'2016'!B21,'2017'!B21,'2018'!B21,'2019'!B21,'2020'!B21,'2021'!B21,'2022'!B21,'2023'!B21,'2024'!B21,'2025'!B21) | C21: =AVERAGE('1991'!C21,'1992'!C21,'1993'!C21,'1994'!C21,'1995'!C21,'1996'!C21,'1997'!C21,'1998'!C21,'1999'!C21,'2000'!C21,'2001'!C21,'2002'!C21,'2003'!C21,'2004'!C21,'2005'!C21,'2006'!C21,'2007'!C21,'2008'!C21,'2009'!C21,'2010'!C21,'2011'!C21,'2012'!C21,'2013'!C21,'2014'!C21,'2015'!C21,'2016'!C21,'2017'!C21,'2018'!C21,'2019'!C21,'2020'!C21,'2021'!C21,'2022'!C21,'2023'!C21,'2024'!C21,'2025'!C21) | D21: =AVERAGE('1991'!D21,'1992'!D21,'1993'!D21,'1994'!D21,'1995'!D21,'1996'!D21,'1997'!D21,'1998'!D21,'1999'!D21,'2000'!D21,'2001'!D21,'2002'!D21,'2003'!D21,'2004'!D21,'2005'!D21,'2006'!D21,'2007'!D21,'2008'!D21,'2009'!D21,'2010'!D21,'2011'!D21,'2012'!D21,'2013'!D21,'2014'!D21,'2015'!D21,'2016'!D21,'2017'!D21,'2018'!D21,'2019'!D21,'2020'!D21,'2021'!D21,'2022'!D21,'2023'!D21,'2024'!D21,'2025'!D21) | E21: =AVERAGE('1991'!E21,'1992'!E21,'1993'!E21,'1994'!E21,'1995'!E21,'1996'!E21,'1997'!E21,'1998'!E21,'1999'!E21,'2000'!E21,'2001'!E21,'2002'!E21,'2003'!E21,'2004'!E21,'2005'!E21,'2006'!E21,'2007'!E21,'2008'!E21,'2009'!E21,'2010'!E21,'2011'!E21,'2012'!E21,'2013'!E21,'2014'!E21,'2015'!E21,'2016'!E21,'2017'!E21,'2018'!E21,'2019'!E21,'2020'!E21,'2021'!E21,'2022'!E21,'2023'!E21,'2024'!E21,'2025'!E21) | F21: =AVERAGE('1991'!F21,'1992'!F21,'1993'!F21,'1994'!F21,'1995'!F21,'1996'!F21,'1997'!F21,'1998'!F21,'1999'!F21,'2000'!F21,'2001'!F21,'2002'!F21,'2003'!F21,'2004'!F21,'2005'!F21,'2006'!F21,'2007'!F21,'2008'!F21,'2009'!F21,'2010'!F21,'2011'!F21,'2012'!F21,'2013'!F21,'2014'!F21,'2015'!F21,'2016'!F21,'2017'!F21,'2018'!F21,'2019'!F21,'2020'!F21,'2021'!F21,'2022'!F21,'2023'!F21,'2024'!F21,'2025'!F21) | G21: =AVERAGE('1991'!G21,'1992'!G21,'1993'!G21,'1994'!G21,'1995'!G21,'1996'!G21,'1997'!G21,'1998'!G21,'1999'!G21,'2000'!G21,'2001'!G21,'2002'!G21,'2003'!G21,'2004'!G21,'2005'!G21,'2006'!G21,'2007'!G21,'2008'!G21,'2009'!G21,'2010'!G21,'2011'!G21,'2012'!G21,'2013'!G21,'2014'!G21,'2015'!G21,'2016'!G21,'2017'!G21,'2018'!G21,'2019'!G21,'2020'!G21,'2021'!G21,'2022'!G21,'2023'!G21,'2024'!G21,'2025'!G21) | H21: =AVERAGE('1991'!H21,'1992'!H21,'1993'!H21,'1994'!H21,'1995'!H21,'1996'!H21,'1997'!H21,'1998'!H21,'1999'!H21,'2000'!H21,'2001'!H21,'2002'!H21,'2003'!H21,'2004'!H21,'2005'!H21,'2006'!H21,'2007'!H21,'2008'!H21,'2009'!H21,'2010'!H21,'2011'!H21,'2012'!H21,'2013'!H21,'2014'!H21,'2015'!H21,'2016'!H21,'2017'!H21,'2018'!H21,'2019'!H21,'2020'!H21,'2021'!H21,'2022'!H21,'2023'!H21,'2024'!H21,'2025'!H21) | I21: =AVERAGE('1991'!I21,'1992'!I21,'1993'!I21,'1994'!I21,'1995'!I21,'1996'!I21,'1997'!I21,'1998'!I21,'1999'!I21,'2000'!I21,'2001'!I21,'2002'!I21,'2003'!I21,'2004'!I21,'2005'!I21,'2006'!I21,'2007'!I21,'2008'!I21,'2009'!I21,'2010'!I21,'2011'!I21,'2012'!I21,'2013'!I21,'2014'!I21,'2015'!I21,'2016'!I21,'2017'!I21,'2018'!I21,'2019'!I21,'2020'!I21,'2021'!I21,'2022'!I21,'2023'!I21,'2024'!I21,'2025'!I21) | ... M21: =AVERAGE('1991'!M21,'1992'!M21,'1993'!M21,'1994'!M21,'1995'!M21,'1996'!M21,'1997'!M21,'1998'!M21,'1999'!M21,'2000'!M21,'2001'!M21,'2002'!M21,'2003'!M21,'2004'!M21,'2005'!M21,'2006'!M21,'2007'!M21,'2008'!M21,'2009'!M21,'2010'!M21,'2011'!M21,'2012'!M21,'2013'!M21,'2014'!M21,'2015'!M21,'2016'!M21,'2017'!M21,'2018'!M21,'2019'!M21,'2020'!M21,'2021'!M21,'2022'!M21,'2023'!M21,'2024'!M21,'2025'!M21) | N21: =MAX(B21:M21)
A22: Sr. br. dana >= 0.1 mm | B22: =AVERAGE('1991'!B22,'1992'!B22,'1993'!B22,'1994'!B22,'1995'!B22,'1996'!B22,'1997'!B22,'1998'!B22,'1999'!B22,'2000'!B22,'2001'!B22,'2002'!B22,'2003'!B22,'2004'!B22,'2005'!B22,'2006'!B22,'2007'!B22,'2008'!B22,'2009'!B22,'2010'!B22,'2011'!B22,'2012'!B22,'2013'!B22,'2014'!B22,'2015'!B22,'2016'!B22,'2017'!B22,'2018'!B22,'2019'!B22,'2020'!B22,'2021'!B22,'2022'!B22,'2023'!B22,'2024'!B22,'2025'!B22) | C22: =AVERAGE('1991'!C22,'1992'!C22,'1993'!C22,'1994'!C22,'1995'!C22,'1996'!C22,'1997'!C22,'1998'!C22,'1999'!C22,'2000'!C22,'2001'!C22,'2002'!C22,'2003'!C22,'2004'!C22,'2005'!C22,'2006'!C22,'2007'!C22,'2008'!C22,'2009'!C22,'2010'!C22,'2011'!C22,'2012'!C22,'2013'!C22,'2014'!C22,'2015'!C22,'2016'!C22,'2017'!C22,'2018'!C22,'2019'!C22,'2020'!C22,'2021'!C22,'2022'!C22,'2023'!C22,'2024'!C22,'2025'!C22) | D22: =AVERAGE('1991'!D22,'1992'!D22,'1993'!D22,'1994'!D22,'1995'!D22,'1996'!D22,'1997'!D22,'1998'!D22,'1999'!D22,'2000'!D22,'2001'!D22,'2002'!D22,'2003'!D22,'2004'!D22,'2005'!D22,'2006'!D22,'2007'!D22,'2008'!D22,'2009'!D22,'2010'!D22,'2011'!D22,'2012'!D22,'2013'!D22,'2014'!D22,'2015'!D22,'2016'!D22,'2017'!D22,'2018'!D22,'2019'!D22,'2020'!D22,'2021'!D22,'2022'!D22,'2023'!D22,'2024'!D22,'2025'!D22) | E22: =AVERAGE('1991'!E22,'1992'!E22,'1993'!E22,'1994'!E22,'1995'!E22,'1996'!E22,'1997'!E22,'1998'!E22,'1999'!E22,'2000'!E22,'2001'!E22,'2002'!E22,'2003'!E22,'2004'!E22,'2005'!E22,'2006'!E22,'2007'!E22,'2008'!E22,'2009'!E22,'2010'!E22,'2011'!E22,'2012'!E22,'2013'!E22,'2014'!E22,'2015'!E22,'2016'!E22,'2017'!E22,'2018'!E22,'2019'!E22,'2020'!E22,'2021'!E22,'2022'!E22,'2023'!E22,'2024'!E22,'2025'!E22) | F22: =AVERAGE('1991'!F22,'1992'!F22,'1993'!F22,'1994'!F22,'1995'!F22,'1996'!F22,'1997'!F22,'1998'!F22,'1999'!F22,'2000'!F22,'2001'!F22,'2002'!F22,'2003'!F22,'2004'!F22,'2005'!F22,'2006'!F22,'2007'!F22,'2008'!F22,'2009'!F22,'2010'!F22,'2011'!F22,'2012'!F22,'2013'!F22,'2014'!F22,'2015'!F22,'2016'!F22,'2017'!F22,'2018'!F22,'2019'!F22,'2020'!F22,'2021'!F22,'2022'!F22,'2023'!F22,'2024'!F22,'2025'!F22) | G22: =AVERAGE('1991'!G22,'1992'!G22,'1993'!G22,'1994'!G22,'1995'!G22,'1996'!G22,'1997'!G22,'1998'!G22,'1999'!G22,'2000'!G22,'2001'!G22,'2002'!G22,'2003'!G22,'2004'!G22,'2005'!G22,'2006'!G22,'2007'!G22,'2008'!G22,'2009'!G22,'2010'!G22,'2011'!G22,'2012'!G22,'2013'!G22,'2014'!G22,'2015'!G22,'2016'!G22,'2017'!G22,'2018'!G22,'2019'!G22,'2020'!G22,'2021'!G22,'2022'!G22,'2023'!G22,'2024'!G22,'2025'!G22) | H22: =AVERAGE('1991'!H22,'1992'!H22,'1993'!H22,'1994'!H22,'1995'!H22,'1996'!H22,'1997'!H22,'1998'!H22,'1999'!H22,'2000'!H22,'2001'!H22,'2002'!H22,'2003'!H22,'2004'!H22,'2005'!H22,'2006'!H22,'2007'!H22,'2008'!H22,'2009'!H22,'2010'!H22,'2011'!H22,'2012'!H22,'2013'!H22,'2014'!H22,'2015'!H22,'2016'!H22,'2017'!H22,'2018'!H22,'2019'!H22,'2020'!H22,'2021'!H22,'2022'!H22,'2023'!H22,'2024'!H22,'2025'!H22) | I22: =AVERAGE('1991'!I22,'1992'!I22,'1993'!I22,'1994'!I22,'1995'!I22,'1996'!I22,'1997'!I22,'1998'!I22,'1999'!I22,'2000'!I22,'2001'!I22,'2002'!I22,'2003'!I22,'2004'!I22,'2005'!I22,'2006'!I22,'2007'!I22,'2008'!I22,'2009'!I22,'2010'!I22,'2011'!I22,'2012'!I22,'2013'!I22,'2014'!I22,'2015'!I22,'2016'!I22,'2017'!I22,'2018'!I22,'2019'!I22,'2020'!I22,'2021'!I22,'2022'!I22,'2023'!I22,'2024'!I22,'2025'!I22) | ... M22: =AVERAGE('1991'!M22,'1992'!M22,'1993'!M22,'1994'!M22,'1995'!M22,'1996'!M22,'1997'!M22,'1998'!M22,'1999'!M22,'2000'!M22,'2001'!M22,'2002'!M22,'2003'!M22,'2004'!M22,'2005'!M22,'2006'!M22,'2007'!M22,'2008'!M22,'2009'!M22,'2010'!M22,'2011'!M22,'2012'!M22,'2013'!M22,'2014'!M22,'2015'!M22,'2016'!M22,'2017'!M22,'2018'!M22,'2019'!M22,'2020'!M22,'2021'!M22,'2022'!M22,'2023'!M22,'2024'!M22,'2025'!M22) | N22: =SUM(B22:M22)
A23: Sr. br. dana >= 10.0 mm | B23: =AVERAGE('1991'!B23,'1992'!B23,'1993'!B23,'1994'!B23,'1995'!B23,'1996'!B23,'1997'!B23,'1998'!B23,'1999'!B23,'2000'!B23,'2001'!B23,'2002'!B23,'2003'!B23,'2004'!B23,'2005'!B23,'2006'!B23,'2007'!B23,'2008'!B23,'2009'!B23,'2010'!B23,'2011'!B23,'2012'!B23,'2013'!B23,'2014'!B23,'2015'!B23,'2016'!B23,'2017'!B23,'2018'!B23,'2019'!B23,'2020'!B23,'2021'!B23,'2022'!B23,'2023'!B23,'2024'!B23,'2025'!B23) | C23: =AVERAGE('1991'!C23,'1992'!C23,'1993'!C23,'1994'!C23,'1995'!C23,'1996'!C23,'1997'!C23,'1998'!C23,'1999'!C23,'2000'!C23,'2001'!C23,'2002'!C23,'2003'!C23,'2004'!C23,'2005'!C23,'2006'!C23,'2007'!C23,'2008'!C23,'2009'!C23,'2010'!C23,'2011'!C23,'2012'!C23,'2013'!C23,'2014'!C23,'2015'!C23,'2016'!C23,'2017'!C23,'2018'!C23,'2019'!C23,'2020'!C23,'2021'!C23,'2022'!C23,'2023'!C23,'2024'!C23,'2025'!C23) | D23: =AVERAGE('1991'!D23,'1992'!D23,'1993'!D23,'1994'!D23,'1995'!D23,'1996'!D23,'1997'!D23,'1998'!D23,'1999'!D23,'2000'!D23,'2001'!D23,'2002'!D23,'2003'!D23,'2004'!D23,'2005'!D23,'2006'!D23,'2007'!D23,'2008'!D23,'2009'!D23,'2010'!D23,'2011'!D23,'2012'!D23,'2013'!D23,'2014'!D23,'2015'!D23,'2016'!D23,'2017'!D23,'2018'!D23,'2019'!D23,'2020'!D23,'2021'!D23,'2022'!D23,'2023'!D23,'2024'!D23,'2025'!D23) | E23: =AVERAGE('1991'!E23,'1992'!E23,'1993'!E23,'1994'!E23,'1995'!E23,'1996'!E23,'1997'!E23,'1998'!E23,'1999'!E23,'2000'!E23,'2001'!E23,'2002'!E23,'2003'!E23,'2004'!E23,'2005'!E23,'2006'!E23,'2007'!E23,'2008'!E23,'2009'!E23,'2010'!E23,'2011'!E23,'2012'!E23,'2013'!E23,'2014'!E23,'2015'!E23,'2016'!E23,'2017'!E23,'2018'!E23,'2019'!E23,'2020'!E23,'2021'!E23,'2022'!E23,'2023'!E23,'2024'!E23,'2025'!E23) | F23: =AVERAGE('1991'!F23,'1992'!F23,'1993'!F23,'1994'!F23,'1995'!F23,'1996'!F23,'1997'!F23,'1998'!F23,'1999'!F23,'2000'!F23,'2001'!F23,'2002'!F23,'2003'!F23,'2004'!F23,'2005'!F23,'2006'!F23,'2007'!F23,'2008'!F23,'2009'!F23,'2010'!F23,'2011'!F23,'2012'!F23,'2013'!F23,'2014'!F23,'2015'!F23,'2016'!F23,'2017'!F23,'2018'!F23,'2019'!F23,'2020'!F23,'2021'!F23,'2022'!F23,'2023'!F23,'2024'!F23,'2025'!F23) | G23: =AVERAGE('1991'!G23,'1992'!G23,'1993'!G23,'1994'!G23,'1995'!G23,'1996'!G23,'1997'!G23,'1998'!G23,'1999'!G23,'2000'!G23,'2001'!G23,'2002'!G23,'2003'!G23,'2004'!G23,'2005'!G23,'2006'!G23,'2007'!G23,'2008'!G23,'2009'!G23,'2010'!G23,'2011'!G23,'2012'!G23,'2013'!G23,'2014'!G23,'2015'!G23,'2016'!G23,'2017'!G23,'2018'!G23,'2019'!G23,'2020'!G23,'2021'!G23,'2022'!G23,'2023'!G23,'2024'!G23,'2025'!G23) | H23: =AVERAGE('1991'!H23,'1992'!H23,'1993'!H23,'1994'!H23,'1995'!H23,'1996'!H23,'1997'!H23,'1998'!H23,'1999'!H23,'2000'!H23,'2001'!H23,'2002'!H23,'2003'!H23,'2004'!H23,'2005'!H23,'2006'!H23,'2007'!H23,'2008'!H23,'2009'!H23,'2010'!H23,'2011'!H23,'2012'!H23,'2013'!H23,'2014'!H23,'2015'!H23,'2016'!H23,'2017'!H23,'2018'!H23,'2019'!H23,'2020'!H23,'2021'!H23,'2022'!H23,'2023'!H23,'2024'!H23,'2025'!H23) | I23: =AVERAGE('1991'!I23,'1992'!I23,'1993'!I23,'1994'!I23,'1995'!I23,'1996'!I23,'1997'!I23,'1998'!I23,'1999'!I23,'2000'!I23,'2001'!I23,'2002'!I23,'2003'!I23,'2004'!I23,'2005'!I23,'2006'!I23,'2007'!I23,'2008'!I23,'2009'!I23,'2010'!I23,'2011'!I23,'2012'!I23,'2013'!I23,'2014'!I23,'2015'!I23,'2016'!I23,'2017'!I23,'2018'!I23,'2019'!I23,'2020'!I23,'2021'!I23,'2022'!I23,'2023'!I23,'2024'!I23,'2025'!I23) | ... M23: =AVERAGE('1991'!M23,'1992'!M23,'1993'!M23,'1994'!M23,'1995'!M23,'1996'!M23,'1997'!M23,'1998'!M23,'1999'!M23,'2000'!M23,'2001'!M23,'2002'!M23,'2003'!M23,'2004'!M23,'2005'!M23,'2006'!M23,'2007'!M23,'2008'!M23,'2009'!M23,'2010'!M23,'2011'!M23,'2012'!M23,'2013'!M23,'2014'!M23,'2015'!M23,'2016'!M23,'2017'!M23,'2018'!M23,'2019'!M23,'2020'!M23,'2021'!M23,'2022'!M23,'2023'!M23,'2024'!M23,'2025'!M23) | N23: =SUM(B23:M23)
A24: POJAVE (broj dana sa....)
A25: snegom | B25: =AVERAGE('1991'!B25,'1992'!B25,'1993'!B25,'1994'!B25,'1995'!B25,'1996'!B25,'1997'!B25,'1998'!B25,'1999'!B25,'2000'!B25,'2001'!B25,'2002'!B25,'2003'!B25,'2004'!B25,'2005'!B25,'2006'!B25,'2007'!B25,'2008'!B25,'2009'!B25,'2010'!B25,'2011'!B25,'2012'!B25,'2013'!B25,'2014'!B25,'2015'!B25,'2016'!B25,'2017'!B25,'2018'!B25,'2019'!B25,'2020'!B25,'2021'!B25,'2022'!B25,'2023'!B25,'2024'!B25,'2025'!B25) | C25: =AVERAGE('1991'!C25,'1992'!C25,'1993'!C25,'1994'!C25,'1995'!C25,'1996'!C25,'1997'!C25,'1998'!C25,'1999'!C25,'2000'!C25,'2001'!C25,'2002'!C25,'2003'!C25,'2004'!C25,'2005'!C25,'2006'!C25,'2007'!C25,'2008'!C25,'2009'!C25,'2010'!C25,'2011'!C25,'2012'!C25,'2013'!C25,'2014'!C25,'2015'!C25,'2016'!C25,'2017'!C25,'2018'!C25,'2019'!C25,'2020'!C25,'2021'!C25,'2022'!C25,'2023'!C25,'2024'!C25,'2025'!C25) | D25: =AVERAGE('1991'!D25,'1992'!D25,'1993'!D25,'1994'!D25,'1995'!D25,'1996'!D25,'1997'!D25,'1998'!D25,'1999'!D25,'2000'!D25,'2001'!D25,'2002'!D25,'2003'!D25,'2004'!D25,'2005'!D25,'2006'!D25,'2007'!D25,'2008'!D25,'2009'!D25,'2010'!D25,'2011'!D25,'2012'!D25,'2013'!D25,'2014'!D25,'2015'!D25,'2016'!D25,'2017'!D25,'2018'!D25,'2019'!D25,'2020'!D25,'2021'!D25,'2022'!D25,'2023'!D25,'2024'!D25,'2025'!D25) | E25: =AVERAGE('1991'!E25,'1992'!E25,'1993'!E25,'1994'!E25,'1995'!E25,'1996'!E25,'1997'!E25,'1998'!E25,'1999'!E25,'2000'!E25,'2001'!E25,'2002'!E25,'2003'!E25,'2004'!E25,'2005'!E25,'2006'!E25,'2007'!E25,'2008'!E25,'2009'!E25,'2010'!E25,'2011'!E25,'2012'!E25,'2013'!E25,'2014'!E25,'2015'!E25,'2016'!E25,'2017'!E25,'2018'!E25,'2019'!E25,'2020'!E25,'2021'!E25,'2022'!E25,'2023'!E25,'2024'!E25,'2025'!E25) | F25: =AVERAGE('1991'!F25,'1992'!F25,'1993'!F25,'1994'!F25,'1995'!F25,'1996'!F25,'1997'!F25,'1998'!F25,'1999'!F25,'2000'!F25,'2001'!F25,'2002'!F25,'2003'!F25,'2004'!F25,'2005'!F25,'2006'!F25,'2007'!F25,'2008'!F25,'2009'!F25,'2010'!F25,'2011'!F25,'2012'!F25,'2013'!F25,'2014'!F25,'2015'!F25,'2016'!F25,'2017'!F25,'2018'!F25,'2019'!F25,'2020'!F25,'2021'!F25,'2022'!F25,'2023'!F25,'2024'!F25,'2025'!F25) | G25: =AVERAGE('1991'!G25,'1992'!G25,'1993'!G25,'1994'!G25,'1995'!G25,'1996'!G25,'1997'!G25,'1998'!G25,'1999'!G25,'2000'!G25,'2001'!G25,'2002'!G25,'2003'!G25,'2004'!G25,'2005'!G25,'2006'!G25,'2007'!G25,'2008'!G25,'2009'!G25,'2010'!G25,'2011'!G25,'2012'!G25,'2013'!G25,'2014'!G25,'2015'!G25,'2016'!G25,'2017'!G25,'2018'!G25,'2019'!G25,'2020'!G25,'2021'!G25,'2022'!G25,'2023'!G25,'2024'!G25,'2025'!G25) | H25: =AVERAGE('1991'!H25,'1992'!H25,'1993'!H25,'1994'!H25,'1995'!H25,'1996'!H25,'1997'!H25,'1998'!H25,'1999'!H25,'2000'!H25,'2001'!H25,'2002'!H25,'2003'!H25,'2004'!H25,'2005'!H25,'2006'!H25,'2007'!H25,'2008'!H25,'2009'!H25,'2010'!H25,'2011'!H25,'2012'!H25,'2013'!H25,'2014'!H25,'2015'!H25,'2016'!H25,'2017'!H25,'2018'!H25,'2019'!H25,'2020'!H25,'2021'!H25,'2022'!H25,'2023'!H25,'2024'!H25,'2025'!H25) | I25: =AVERAGE('1991'!I25,'1992'!I25,'1993'!I25,'1994'!I25,'1995'!I25,'1996'!I25,'1997'!I25,'1998'!I25,'1999'!I25,'2000'!I25,'2001'!I25,'2002'!I25,'2003'!I25,'2004'!I25,'2005'!I25,'2006'!I25,'2007'!I25,'2008'!I25,'2009'!I25,'2010'!I25,'2011'!I25,'2012'!I25,'2013'!I25,'2014'!I25,'2015'!I25,'2016'!I25,'2017'!I25,'2018'!I25,'2019'!I25,'2020'!I25,'2021'!I25,'2022'!I25,'2023'!I25,'2024'!I25,'2025'!I25) | ... M25: =AVERAGE('1991'!M25,'1992'!M25,'1993'!M25,'1994'!M25,'1995'!M25,'1996'!M25,'1997'!M25,'1998'!M25,'1999'!M25,'2000'!M25,'2001'!M25,'2002'!M25,'2003'!M25,'2004'!M25,'2005'!M25,'2006'!M25,'2007'!M25,'2008'!M25,'2009'!M25,'2010'!M25,'2011'!M25,'2012'!M25,'2013'!M25,'2014'!M25,'2015'!M25,'2016'!M25,'2017'!M25,'2018'!M25,'2019'!M25,'2020'!M25,'2021'!M25,'2022'!M25,'2023'!M25,'2024'!M25,'2025'!M25) | N25: =SUM(B25:M25)
A26: snežnim pokrivačem | B26: =AVERAGE('1991'!B26,'1992'!B26,'1993'!B26,'1994'!B26,'1995'!B26,'1996'!B26,'1997'!B26,'1998'!B26,'1999'!B26,'2000'!B26,'2001'!B26,'2002'!B26,'2003'!B26,'2004'!B26,'2005'!B26,'2006'!B26,'2007'!B26,'2008'!B26,'2009'!B26,'2010'!B26,'2011'!B26,'2012'!B26,'2013'!B26,'2014'!B26,'2015'!B26,'2016'!B26,'2017'!B26,'2018'!B26,'2019'!B26,'2020'!B26,'2021'!B26,'2022'!B26,'2023'!B26,'2024'!B26,'2025'!B26) | C26: =AVERAGE('1991'!C26,'1992'!C26,'1993'!C26,'1994'!C26,'1995'!C26,'1996'!C26,'1997'!C26,'1998'!C26,'1999'!C26,'2000'!C26,'2001'!C26,'2002'!C26,'2003'!C26,'2004'!C26,'2005'!C26,'2006'!C26,'2007'!C26,'2008'!C26,'2009'!C26,'2010'!C26,'2011'!C26,'2012'!C26,'2013'!C26,'2014'!C26,'2015'!C26,'2016'!C26,'2017'!C26,'2018'!C26,'2019'!C26,'2020'!C26,'2021'!C26,'2022'!C26,'2023'!C26,'2024'!C26,'2025'!C26) | D26: =AVERAGE('1991'!D26,'1992'!D26,'1993'!D26,'1994'!D26,'1995'!D26,'1996'!D26,'1997'!D26,'1998'!D26,'1999'!D26,'2000'!D26,'2001'!D26,'2002'!D26,'2003'!D26,'2004'!D26,'2005'!D26,'2006'!D26,'2007'!D26,'2008'!D26,'2009'!D26,'2010'!D26,'2011'!D26,'2012'!D26,'2013'!D26,'2014'!D26,'2015'!D26,'2016'!D26,'2017'!D26,'2018'!D26,'2019'!D26,'2020'!D26,'2021'!D26,'2022'!D26,'2023'!D26,'2024'!D26,'2025'!D26) | E26: =AVERAGE('1991'!E26,'1992'!E26,'1993'!E26,'1994'!E26,'1995'!E26,'1996'!E26,'1997'!E26,'1998'!E26,'1999'!E26,'2000'!E26,'2001'!E26,'2002'!E26,'2003'!E26,'2004'!E26,'2005'!E26,'2006'!E26,'2007'!E26,'2008'!E26,'2009'!E26,'2010'!E26,'2011'!E26,'2012'!E26,'2013'!E26,'2014'!E26,'2015'!E26,'2016'!E26,'2017'!E26,'2018'!E26,'2019'!E26,'2020'!E26,'2021'!E26,'2022'!E26,'2023'!E26,'2024'!E26,'2025'!E26) | F26: =AVERAGE('1991'!F26,'1992'!F26,'1993'!F26,'1994'!F26,'1995'!F26,'1996'!F26,'1997'!F26,'1998'!F26,'1999'!F26,'2000'!F26,'2001'!F26,'2002'!F26,'2003'!F26,'2004'!F26,'2005'!F26,'2006'!F26,'2007'!F26,'2008'!F26,'2009'!F26,'2010'!F26,'2011'!F26,'2012'!F26,'2013'!F26,'2014'!F26,'2015'!F26,'2016'!F26,'2017'!F26,'2018'!F26,'2019'!F26,'2020'!F26,'2021'!F26,'2022'!F26,'2023'!F26,'2024'!F26,'2025'!F26) | G26: =AVERAGE('1991'!G26,'1992'!G26,'1993'!G26,'1994'!G26,'1995'!G26,'1996'!G26,'1997'!G26,'1998'!G26,'1999'!G26,'2000'!G26,'2001'!G26,'2002'!G26,'2003'!G26,'2004'!G26,'2005'!G26,'2006'!G26,'2007'!G26,'2008'!G26,'2009'!G26,'2010'!G26,'2011'!G26,'2012'!G26,'2013'!G26,'2014'!G26,'2015'!G26,'2016'!G26,'2017'!G26,'2018'!G26,'2019'!G26,'2020'!G26,'2021'!G26,'2022'!G26,'2023'!G26,'2024'!G26,'2025'!G26) | H26: =AVERAGE('1991'!H26,'1992'!H26,'1993'!H26,'1994'!H26,'1995'!H26,'1996'!H26,'1997'!H26,'1998'!H26,'1999'!H26,'2000'!H26,'2001'!H26,'2002'!H26,'2003'!H26,'2004'!H26,'2005'!H26,'2006'!H26,'2007'!H26,'2008'!H26,'2009'!H26,'2010'!H26,'2011'!H26,'2012'!H26,'2013'!H26,'2014'!H26,'2015'!H26,'2016'!H26,'2017'!H26,'2018'!H26,'2019'!H26,'2020'!H26,'2021'!H26,'2022'!H26,'2023'!H26,'2024'!H26,'2025'!H26) | I26: =AVERAGE('1991'!I26,'1992'!I26,'1993'!I26,'1994'!I26,'1995'!I26,'1996'!I26,'1997'!I26,'1998'!I26,'1999'!I26,'2000'!I26,'2001'!I26,'2002'!I26,'2003'!I26,'2004'!I26,'2005'!I26,'2006'!I26,'2007'!I26,'2008'!I26,'2009'!I26,'2010'!I26,'2011'!I26,'2012'!I26,'2013'!I26,'2014'!I26,'2015'!I26,'2016'!I26,'2017'!I26,'2018'!I26,'2019'!I26,'2020'!I26,'2021'!I26,'2022'!I26,'2023'!I26,'2024'!I26,'2025'!I26) | ... M26: =AVERAGE('1991'!M26,'1992'!M26,'1993'!M26,'1994'!M26,'1995'!M26,'1996'!M26,'1997'!M26,'1998'!M26,'1999'!M26,'2000'!M26,'2001'!M26,'2002'!M26,'2003'!M26,'2004'!M26,'2005'!M26,'2006'!M26,'2007'!M26,'2008'!M26,'2009'!M26,'2010'!M26,'2011'!M26,'2012'!M26,'2013'!M26,'2014'!M26,'2015'!M26,'2016'!M26,'2017'!M26,'2018'!M26,'2019'!M26,'2020'!M26,'2021'!M26,'2022'!M26,'2023'!M26,'2024'!M26,'2025'!M26) | N26: =SUM(B26:M26)
A27: maglom | B27: =AVERAGE('1991'!B27,'1992'!B27,'1993'!B27,'1994'!B27,'1995'!B27,'1996'!B27,'1997'!B27,'1998'!B27,'1999'!B27,'2000'!B27,'2001'!B27,'2002'!B27,'2003'!B27,'2004'!B27,'2005'!B27,'2006'!B27,'2007'!B27,'2008'!B27,'2009'!B27,'2010'!B27,'2011'!B27,'2012'!B27,'2013'!B27,'2014'!B27,'2015'!B27,'2016'!B27,'2017'!B27,'2018'!B27,'2019'!B27,'2020'!B27,'2021'!B27,'2022'!B27,'2023'!B27,'2024'!B27,'2025'!B27) | C27: =AVERAGE('1991'!C27,'1992'!C27,'1993'!C27,'1994'!C27,'1995'!C27,'1996'!C27,'1997'!C27,'1998'!C27,'1999'!C27,'2000'!C27,'2001'!C27,'2002'!C27,'2003'!C27,'2004'!C27,'2005'!C27,'2006'!C27,'2007'!C27,'2008'!C27,'2009'!C27,'2010'!C27,'2011'!C27,'2012'!C27,'2013'!C27,'2014'!C27,'2015'!C27,'2016'!C27,'2017'!C27,'2018'!C27,'2019'!C27,'2020'!C27,'2021'!C27,'2022'!C27,'2023'!C27,'2024'!C27,'2025'!C27) | D27: =AVERAGE('1991'!D27,'1992'!D27,'1993'!D27,'1994'!D27,'1995'!D27,'1996'!D27,'1997'!D27,'1998'!D27,'1999'!D27,'2000'!D27,'2001'!D27,'2002'!D27,'2003'!D27,'2004'!D27,'2005'!D27,'2006'!D27,'2007'!D27,'2008'!D27,'2009'!D27,'2010'!D27,'2011'!D27,'2012'!D27,'2013'!D27,'2014'!D27,'2015'!D27,'2016'!D27,'2017'!D27,'2018'!D27,'2019'!D27,'2020'!D27,'2021'!D27,'2022'!D27,'2023'!D27,'2024'!D27,'2025'!D27) | E27: =AVERAGE('1991'!E27,'1992'!E27,'1993'!E27,'1994'!E27,'1995'!E27,'1996'!E27,'1997'!E27,'1998'!E27,'1999'!E27,'2000'!E27,'2001'!E27,'2002'!E27,'2003'!E27,'2004'!E27,'2005'!E27,'2006'!E27,'2007'!E27,'2008'!E27,'2009'!E27,'2010'!E27,'2011'!E27,'2012'!E27,'2013'!E27,'2014'!E27,'2015'!E27,'2016'!E27,'2017'!E27,'2018'!E27,'2019'!E27,'2020'!E27,'2021'!E27,'2022'!E27,'2023'!E27,'2024'!E27,'2025'!E27) | F27: =AVERAGE('1991'!F27,'1992'!F27,'1993'!F27,'1994'!F27,'1995'!F27,'1996'!F27,'1997'!F27,'1998'!F27,'1999'!F27,'2000'!F27,'2001'!F27,'2002'!F27,'2003'!F27,'2004'!F27,'2005'!F27,'2006'!F27,'2007'!F27,'2008'!F27,'2009'!F27,'2010'!F27,'2011'!F27,'2012'!F27,'2013'!F27,'2014'!F27,'2015'!F27,'2016'!F27,'2017'!F27,'2018'!F27,'2019'!F27,'2020'!F27,'2021'!F27,'2022'!F27,'2023'!F27,'2024'!F27,'2025'!F27) | G27: =AVERAGE('1991'!G27,'1992'!G27,'1993'!G27,'1994'!G27,'1995'!G27,'1996'!G27,'1997'!G27,'1998'!G27,'1999'!G27,'2000'!G27,'2001'!G27,'2002'!G27,'2003'!G27,'2004'!G27,'2005'!G27,'2006'!G27,'2007'!G27,'2008'!G27,'2009'!G27,'2010'!G27,'2011'!G27,'2012'!G27,'2013'!G27,'2014'!G27,'2015'!G27,'2016'!G27,'2017'!G27,'2018'!G27,'2019'!G27,'2020'!G27,'2021'!G27,'2022'!G27,'2023'!G27,'2024'!G27,'2025'!G27) | H27: =AVERAGE('1991'!H27,'1992'!H27,'1993'!H27,'1994'!H27,'1995'!H27,'1996'!H27,'1997'!H27,'1998'!H27,'1999'!H27,'2000'!H27,'2001'!H27,'2002'!H27,'2003'!H27,'2004'!H27,'2005'!H27,'2006'!H27,'2007'!H27,'2008'!H27,'2009'!H27,'2010'!H27,'2011'!H27,'2012'!H27,'2013'!H27,'2014'!H27,'2015'!H27,'2016'!H27,'2017'!H27,'2018'!H27,'2019'!H27,'2020'!H27,'2021'!H27,'2022'!H27,'2023'!H27,'2024'!H27,'2025'!H27) | I27: =AVERAGE('1991'!I27,'1992'!I27,'1993'!I27,'1994'!I27,'1995'!I27,'1996'!I27,'1997'!I27,'1998'!I27,'1999'!I27,'2000'!I27,'2001'!I27,'2002'!I27,'2003'!I27,'2004'!I27,'2005'!I27,'2006'!I27,'2007'!I27,'2008'!I27,'2009'!I27,'2010'!I27,'2011'!I27,'2012'!I27,'2013'!I27,'2014'!I27,'2015'!I27,'2016'!I27,'2017'!I27,'2018'!I27,'2019'!I27,'2020'!I27,'2021'!I27,'2022'!I27,'2023'!I27,'2024'!I27,'2025'!I27) | ... M27: =AVERAGE('1991'!M27,'1992'!M27,'1993'!M27,'1994'!M27,'1995'!M27,'1996'!M27,'1997'!M27,'1998'!M27,'1999'!M27,'2000'!M27,'2001'!M27,'2002'!M27,'2003'!M27,'2004'!M27,'2005'!M27,'2006'!M27,'2007'!M27,'2008'!M27,'2009'!M27,'2010'!M27,'2011'!M27,'2012'!M27,'2013'!M27,'2014'!M27,'2015'!M27,'2016'!M27,'2017'!M27,'2018'!M27,'2019'!M27,'2020'!M27,'2021'!M27,'2022'!M27,'2023'!M27,'2024'!M27,'2025'!M27) | N27: =SUM(B27:M27)
A28: gradom | B28: =AVERAGE('1991'!B28,'1992'!B28,'1993'!B28,'1994'!B28,'1995'!B28,'1996'!B28,'1997'!B28,'1998'!B28,'1999'!B28,'2000'!B28,'2001'!B28,'2002'!B28,'2003'!B28,'2004'!B28,'2005'!B28,'2006'!B28,'2007'!B28,'2008'!B28,'2009'!B28,'2010'!B28,'2011'!B28,'2012'!B28,'2013'!B28,'2014'!B28,'2015'!B28,'2016'!B28,'2017'!B28,'2018'!B28,'2019'!B28,'2020'!B28,'2021'!B28,'2022'!B28,'2023'!B28,'2024'!B28,'2025'!B28) | C28: =AVERAGE('1991'!C28,'1992'!C28,'1993'!C28,'1994'!C28,'1995'!C28,'1996'!C28,'1997'!C28,'1998'!C28,'1999'!C28,'2000'!C28,'2001'!C28,'2002'!C28,'2003'!C28,'2004'!C28,'2005'!C28,'2006'!C28,'2007'!C28,'2008'!C28,'2009'!C28,'2010'!C28,'2011'!C28,'2012'!C28,'2013'!C28,'2014'!C28,'2015'!C28,'2016'!C28,'2017'!C28,'2018'!C28,'2019'!C28,'2020'!C28,'2021'!C28,'2022'!C28,'2023'!C28,'2024'!C28,'2025'!C28) | D28: =AVERAGE('1991'!D28,'1992'!D28,'1993'!D28,'1994'!D28,'1995'!D28,'1996'!D28,'1997'!D28,'1998'!D28,'1999'!D28,'2000'!D28,'2001'!D28,'2002'!D28,'2003'!D28,'2004'!D28,'2005'!D28,'2006'!D28,'2007'!D28,'2008'!D28,'2009'!D28,'2010'!D28,'2011'!D28,'2012'!D28,'2013'!D28,'2014'!D28,'2015'!D28,'2016'!D28,'2017'!D28,'2018'!D28,'2019'!D28,'2020'!D28,'2021'!D28,'2022'!D28,'2023'!D28,'2024'!D28,'2025'!D28) | E28: =AVERAGE('1991'!E28,'1992'!E28,'1993'!E28,'1994'!E28,'1995'!E28,'1996'!E28,'1997'!E28,'1998'!E28,'1999'!E28,'2000'!E28,'2001'!E28,'2002'!E28,'2003'!E28,'2004'!E28,'2005'!E28,'2006'!E28,'2007'!E28,'2008'!E28,'2009'!E28,'2010'!E28,'2011'!E28,'2012'!E28,'2013'!E28,'2014'!E28,'2015'!E28,'2016'!E28,'2017'!E28,'2018'!E28,'2019'!E28,'2020'!E28,'2021'!E28,'2022'!E28,'2023'!E28,'2024'!E28,'2025'!E28) | F28: =AVERAGE('1991'!F28,'1992'!F28,'1993'!F28,'1994'!F28,'1995'!F28,'1996'!F28,'1997'!F28,'1998'!F28,'1999'!F28,'2000'!F28,'2001'!F28,'2002'!F28,'2003'!F28,'2004'!F28,'2005'!F28,'2006'!F28,'2007'!F28,'2008'!F28,'2009'!F28,'2010'!F28,'2011'!F28,'2012'!F28,'2013'!F28,'2014'!F28,'2015'!F28,'2016'!F28,'2017'!F28,'2018'!F28,'2019'!F28,'2020'!F28,'2021'!F28,'2022'!F28,'2023'!F28,'2024'!F28,'2025'!F28) | G28: =AVERAGE('1991'!G28,'1992'!G28,'1993'!G28,'1994'!G28,'1995'!G28,'1996'!G28,'1997'!G28,'1998'!G28,'1999'!G28,'2000'!G28,'2001'!G28,'2002'!G28,'2003'!G28,'2004'!G28,'2005'!G28,'2006'!G28,'2007'!G28,'2008'!G28,'2009'!G28,'2010'!G28,'2011'!G28,'2012'!G28,'2013'!G28,'2014'!G28,'2015'!G28,'2016'!G28,'2017'!G28,'2018'!G28,'2019'!G28,'2020'!G28,'2021'!G28,'2022'!G28,'2023'!G28,'2024'!G28,'2025'!G28) | H28: =AVERAGE('1991'!H28,'1992'!H28,'1993'!H28,'1994'!H28,'1995'!H28,'1996'!H28,'1997'!H28,'1998'!H28,'1999'!H28,'2000'!H28,'2001'!H28,'2002'!H28,'2003'!H28,'2004'!H28,'2005'!H28,'2006'!H28,'2007'!H28,'2008'!H28,'2009'!H28,'2010'!H28,'2011'!H28,'2012'!H28,'2013'!H28,'2014'!H28,'2015'!H28,'2016'!H28,'2017'!H28,'2018'!H28,'2019'!H28,'2020'!H28,'2021'!H28,'2022'!H28,'2023'!H28,'2024'!H28,'2025'!H28) | I28: =AVERAGE('1991'!I28,'1992'!I28,'1993'!I28,'1994'!I28,'1995'!I28,'1996'!I28,'1997'!I28,'1998'!I28,'1999'!I28,'2000'!I28,'2001'!I28,'2002'!I28,'2003'!I28,'2004'!I28,'2005'!I28,'2006'!I28,'2007'!I28,'2008'!I28,'2009'!I28,'2010'!I28,'2011'!I28,'2012'!I28,'2013'!I28,'2014'!I28,'2015'!I28,'2016'!I28,'2017'!I28,'2018'!I28,'2019'!I28,'2020'!I28,'2021'!I28,'2022'!I28,'2023'!I28,'2024'!I28,'2025'!I28) | ... M28: =AVERAGE('1991'!M28,'1992'!M28,'1993'!M28,'1994'!M28,'1995'!M28,'1996'!M28,'1997'!M28,'1998'!M28,'1999'!M28,'2000'!M28,'2001'!M28,'2002'!M28,'2003'!M28,'2004'!M28,'2005'!M28,'2006'!M28,'2007'!M28,'2008'!M28,'2009'!M28,'2010'!M28,'2011'!M28,'2012'!M28,'2013'!M28,'2014'!M28,'2015'!M28,'2016'!M28,'2017'!M28,'2018'!M28,'2019'!M28,'2020'!M28,'2021'!M28,'2022'!M28,'2023'!M28,'2024'!M28,'2025'!M28) | N28: =SUM(B28:M28)

Sheet 1991
A1: PROSEČNE MESEČNE, GODIŠNJE I EKSTREMNE VREDNOSTI ZA 1991. GODINU
A2: KRUŠEVAC φ 43.58°N λ 21.32°E h 166 m
A4: METEOROLOŠKI PARAMETAR | B4: jan | C4: feb | D4: mar | E4: apr | F4: maj | G4: jun | H4: jul | I4: avg | J4: sep | K4: okt | L4: nov | M4: dec | N4: god.
A5: TEMPERATURA VAZDUHA (°C)
A6: Normalna vrednost | B6: 0.4 | C6: -0.5 | D6: 7.7 | E6: 9.9 | F6: 12.7 | G6: 19.9 | H6: 21.3 | I6: 20.2 | J6: 18.2 | K6: 11.7 | L6: 7 | M6: -2.4 | N6: =AVERAGE(B6:M6)
A7: Srednja maksimalna | B7: 4.7 | C7: 4.6 | D7: 13.5 | E7: 14.9 | F7: 17.3 | G7: 24.9 | H7: 25.7 | I7: 24.4 | J7: 23.8 | K7: 16.6 | L7: 11.5 | M7: 1.1 | N7: =AVERAGE(B7:M7)
A8: Srednja minimalna | B8: -2.9 | C8: -4.8 | D8: 2.6 | E8: 4.5 | F8: 8 | G8: 13.8 | H8: 16.4 | I8: 15.9 | J8: 12.5 | K8: 7.3 | L8: 3.1 | M8: -6 | N8: =AVERAGE(B8:M8)
A9: Apsolutni maksimum | B9: 13.3 | C9: 13.1 | D9: 22.7 | E9: 19.9 | F9: 22.9 | G9: 32.3 | H9: 32.9 | I9: 29.5 | J9: 31.1 | K9: 30.8 | L9: 17 | M9: 7 | N9: =MAX(B9:M9)
A10: Apsolutni minimum | B10: -12.5 | C10: -15.9 | D10: -3.3 | E10: 1.7 | F10: 2.9 | G10: 7.8 | H10: 12.5 | I10: 11.7 | J10: 8.3 | K10: -2.8 | L10: -3.6 | M10: -15 | N10: =MIN(B10:M10)
A11: Sr. br. mraznih dana | B11: 24 | C11: 23 | D11: 6 | E11: 0 | F11: 0 | G11: 0 | H11: 0 | I11: 0 | J11: 0 | K11: 5 | L11: 8 | M11: 29 | N11: =SUM(B11:M11)
A12: Sr. br. tropskih dana | B12: 0 | C12: 0 | D12: 0 | E12: 0 | F12: 0 | G12: 4 | H12: 5 | I12: 0 | J12: 1 | K12: 1 | L12: 0 | M12: 0 | N12: =SUM(B12:M12)
A13: RELATIVNA VLAGA (%)
A14: Prosek | B14: 78.5 | C14: 77.1 | D14: 76.9 | E14: 74.4 | F14: 76 | G14: 71.8 | H14: 77.5 | I14: 76.8 | J14: 72 | K14: 74.3 | L14: 82.5 | M14: 82.5 | N14: =AVERAGE(B14:M14)
A15: TRAJANJE SIJANJA SUNCA (h)
A16: Prosek | B16: 218.5 | C16: 227.3 | D16: 262.1 | E16: 318.1 | F16: 275.9 | G16: 382.8 | H16: 333.9 | I16: 346.8 | J16: 326.8 | K16: 259.8 | L16: 163.7 | M16: 153.8 | N16: =SUM(B16:M16)
A17: Broj vedrih dana | B17: 3 | C17: 4 | D17: 6 | E17: 0 | F17: 0 | G17: 11 | H17: 9 | I17: 7 | J17: 9 | K17: 5 | L17: 4 | M17: 4 | N17: =SUM(B17:M17)
A18: Broj oblačnih dana | B18: 10 | C18: 14 | D18: 11 | E18: 10 | F18: 9 | G18: 2 | H18: 8 | I18: 4 | J18: 1 | K18: 8 | L18: 14 | M18: 15 | N18: =SUM(B18:M18)
A19: PADAVINE (mm)
A20: Sr. mesečna suma | B20: 20.1 | C20: 43.2 | D20: 63.8 | E20: 98.2 | F20: 116.6 | G20: 56.3 | H20: 110.9 | I20: 67.4 | J20: 15.9 | K20: 41.8 | L20: 47.6 | M20: 51.2 | N20: =SUM(B20:M20)
A21: Max. dnevna suma | B21: 8 | C21: 22 | D21: 20.9 | E21: 23.9 | F21: 16.8 | G21: 19.8 | H21: 19.5 | I21: 11.2 | J21: 4.5 | K21: 11.4 | L21: 8.6 | M21: 14.4 | N21: =MAX(B21:M21)
A22: Sr. br. dana >= 0.1 mm | B22: 10 | C22: 12 | D22: 13 | E22: 23 | F22: 25 | G22: 15 | H22: 18 | I22: 19 | J22: 12 | K22: 17 | L22: 14 | M22: 16 | N22: =SUM(B22:M22)
A23: Sr. br. dana >= 10.0 mm | B23: 0 | C23: 1 | D23: 1 | E23: 3 | F23: 3 | G23: 1 | H23: 4 | I23: 2 | J23: 0 | K23: 1 | L23: 0 | M23: 1 | N23: =SUM(B23:M23)
A24: POJAVE (broj dana sa....)
A25: snegom | B25: 8 | C25: 9 | D25: 2 | E25: 2 | F25: 1 | G25: 0 | H25: 0 | I25: 0 | J25: 0 | K25: 3 | L25: 1 | M25: 18 | N25: =SUM(B25:M25)
A26: snežnim pokrivačem | B26: 8 | C26: 9 | D26: 2 | E26: 2 | F26: 1 | G26: 0 | H26: 0 | I26: 0 | J26: 0 | K26: 3 | L26: 1 | M26: 18 | N26: =SUM(B26:M26)
A27: maglom | B27: 0 | C27: 0 | D27: 0 | E27: 0 | F27: 0 | G27: 0 | H27: 0 | I27: 0 | J27: 0 | K27: 0 | L27: 0 | M27: 0 | N27: =SUM(B27:M27)
A28: gradom | B28: 0 | C28: 0 | D28: 0 | E28: 0 | F28: 0 | G28: 0 | H28: 0 | I28: 0 | J28: 0 | K28: 0 | L28: 0 | M28: 0 | N28: =SUM(B28:M28)

Sheet 1992
A1: PROSEČNE MESEČNE, GODIŠNJE I EKSTREMNE VREDNOSTI ZA 1992. GODINU
A2: KRUŠEVAC φ 43.58°N λ 21.32°E h 166 m
A4: METEOROLOŠKI PARAMETAR | B4: jan | C4: feb | D4: mar | E4: apr | F4: maj | G4: jun | H4: jul | I4: avg | J4: sep | K4: okt | L4: nov | M4: dec | N4: god.
A5: TEMPERATURA VAZDUHA (°C)
A6: Normalna vrednost | B6: -0.7 | C6: 2.4 | D6: 6.2 | E6: 11 | F6: 16.2 | G6: 19.2 | H6: 21.4 | I6: 25.9 | J6: 18.2 | K6: 13.7 | L6: 7.3 | M6: 0.7 | N6: =AVERAGE(B6:M6)
A7: Srednja maksimalna | B7: 3.9 | C7: 7 | D7: 12.1 | E7: 16.9 | F7: 21.1 | G7: 24 | H7: 26.3 | I7: 31.8 | J7: 24.5 | K7: 19.5 | L7: 11.7 | M7: 4.6 | N7: =AVERAGE(B7:M7)
A8: Srednja minimalna | B8: -4.8 | C8: -1.9 | D8: 0.7 | E8: 4.6 | F8: 10.6 | G8: 14.2 | H8: 15.8 | I8: 19.2 | J8: 11.9 | K8: 8.7 | L8: 3.5 | M8: -2.3 | N8: =AVERAGE(B8:M8)
A9: Apsolutni maksimum | B9: 8.7 | C9: 14.1 | D9: 21.3 | E9: 26 | F9: 28.3 | G9: 32 | H9: 30.1 | I9: 36 | J9: 33.1 | K9: 28 | L9: 21.3 | M9: 13.7 | N9: =MAX(B9:M9)
A10: Apsolutni minimum | B10: -15 | C10: -9.2 | D10: -4.9 | E10: -1.3 | F10: 7.4 | G10: 9.7 | H10: 12 | I10: 16.1 | J10: 7.4 | K10: 3 | L10: -3.4 | M10: -9.3 | N10: =MIN(B10:M10)
A11: Sr. br. mraznih dana | B11: 29 | C11: 22 | D11: 13 | E11: 2 | F11: 0 | G11: 0 | H11: 0 | I11: 0 | J11: 0 | K11: 0 | L11: 6 | M11: 20 | N11: =SUM(B11:M11)
A12: Sr. br. tropskih dana | B12: 0 | C12: 0 | D12: 0 | E12: 0 | F12: 0 | G12: 2 | H12: 1 | I12: 24 | J12: 2 | K12: 0 | L12: 0 | M12: 0 | N12: =SUM(B12:M12)
A13: RELATIVNA VLAGA (%)
A14: Prosek | B14: 80.7 | C14: 76.3 | D14: 69 | E14: 73.4 | F14: 64.2 | G14: 79 | H14: 69.6 | I14: 56 | J14: 58.6 | K14: 73.4 | L14: 79.9 | M14: 79.3 | N14: =AVERAGE(B14:M14)
A15: TRAJANJE SIJANJA SUNCA (h)
A16: Prosek | B16: 194.6 | C16: 215 | D16: 296.4 | E16: 270 | F16: 348.9 | G16: 303.6 | H16: 389.2 | I16: 397.1 | J16: 334.8 | K16: 247.9 | L16: 177 | M16: 199.3 | N16: =SUM(B16:M16)
A17: Broj vedrih dana | B17: 2 | C17: 5 | D17: 5 | E17: 3 | F17: 5 | G17: 0 | H17: 9 | I17: 16 | J17: 16 | K17: 0 | L17: 3 | M17: 10 | N17: =SUM(B17:M17)
A18: Broj oblačnih dana | B18: 12 | C18: 6 | D18: 4 | E18: 10 | F18: 5 | G18: 9 | H18: 1 | I18: 0 | J18: 0 | K18: 8 | L18: 12 | M18: 10 | N18: =SUM(B18:M18)
A19: PADAVINE (mm)
A20: Sr. mesečna suma | B20: 17.9 | C20: 54 | D20: 38.3 | E20: 103.8 | F20: 55.8 | G20: 162.4 | H20: 50.7 | I20: 18.3 | J20: 26 | K20: 30.2 | L20: 54.7 | M20: 45.3 | N20: =SUM(B20:M20)
A21: Max. dnevna suma | B21: 6 | C21: 12.2 | D21: 10.1 | E21: 22.6 | F21: 11.5 | G21: 25.4 | H21: 15 | I21: 6 | J21: 13.5 | K21: 8.1 | L21: 16.4 | M21: 14.4 | N21: =MAX(B21:M21)
A22: Sr. br. dana >= 0.1 mm | B22: 8 | C22: 16 | D22: 14 | E22: 21 | F22: 12 | G22: 26 | H22: 13 | I22: 11 | J22: 6 | K22: 18 | L22: 14 | M22: 11 | N22: =SUM(B22:M22)
A23: Sr. br. dana >= 10.0 mm | B23: 0 | C23: 1 | D23: 1 | E23: 4 | F23: 2 | G23: 6 | H23: 2 | I23: 0 | J23: 1 | K23: 0 | L23: 2 | M23: 1 | N23: =SUM(B23:M23)
A24: POJAVE (broj dana sa....)
A25: snegom | B25: 11 | C25: 14 | D25: 9 | E25: 5 | F25: 0 | G25: 0 | H25: 0 | I25: 0 | J25: 0 | K25: 0 | L25: 5 | M25: 6 | N25: =SUM(B25:M25)
A26: snežnim pokrivačem | B26: 11 | C26: 14 | D26: 9 | E26: 5 | F26: 0 | G26: 0 | H26: 0 | I26: 0 | J26: 0 | K26: 0 | L26: 5 | M26: 6 | N26: =SUM(B26:M26)
A27: maglom | B27: 0 | C27: 0 | D27: 0 | E27: 0 | F27: 0 | G27: 0 | H27: 0 | I27: 0 | J27: 0 | K27: 0 | L27: 0 | M27: 0 | N27: =SUM(B27:M27)
A28: gradom | B28: 0 | C28: 0 | D28: 0 | E28: 0 | F28: 0 | G28: 0 | H28: 0 | I28: 0 | J28: 0 | K28: 0 | L28: 0 | M28: 0 | N28: =SUM(B28:M28)

Sheet 1993
A1: PROSEČNE MESEČNE, GODIŠNJE I EKSTREMNE VREDNOSTI ZA 1993. GODINU
A2: KRUŠEVAC φ 43.58°N λ 21.32°E h 166 m
A4: METEOROLOŠKI PARAMETAR | B4: jan | C4: feb | D4: mar | E4: apr | F4: maj | G4: jun | H4: jul | I4: avg | J4: sep | K4: okt | L4: nov | M4: dec | N4: god.
A5: TEMPERATURA VAZDUHA (°C)
A6: Normalna vrednost | B6: -0.5 | C6: -0.9 | D6: 3.8 | E6: 11.2 | F6: 17.8 | G6: 20.9 | H6: 22.2 | I6: 23.5 | J6: 17.5 | K6: 14.5 | L6: 1.6 | M6: 2.7 | N6: =AVERAGE(B6:M6)
A7: Srednja maksimalna | B7: 5.1 | C7: 4.1 | D7: 8.7 | E7: 16.8 | F7: 23.1 | G7: 26.5 | H7: 28 | I7: 29.4 | J7: 23.8 | K7: 20.9 | L7: 5.6 | M7: 8 | N7: =AVERAGE(B7:M7)
A8: Srednja minimalna | B8: -4.7 | C8: -5.3 | D8: -1.1 | E8: 5.3 | F8: 11.9 | G8: 14.5 | H8: 15.1 | I8: 17.5 | J8: 11.5 | K8: 9.2 | L8: -1.9 | M8: -1.4 | N8: =AVERAGE(B8:M8)
A9: Apsolutni maksimum | B9: 14 | C9: 13 | D9: 22.1 | E9: 22.6 | F9: 31.6 | G9: 35.4 | H9: 37.6 | I9: 36.1 | J9: 32.3 | K9: 29.2 | L9: 21 | M9: 14.8 | N9: =MAX(B9:M9)
A10: Apsolutni minimum | B10: -11.6 | C10: -18.6 | D10: -11 | E10: -0.5 | F10: 8 | G10: 9.8 | H10: 9 | I10: 9.8 | J10: 5.7 | K10: -0.5 | L10: -12 | M10: -6.8 | N10: =MIN(B10:M10)
A11: Sr. br. mraznih dana | B11: 31 | C11: 27 | D11: 17 | E11: 1 | F11: 0 | G11: 0 | H11: 0 | I11: 0 | J11: 0 | K11: 1 | L11: 22 | M11: 22 | N11: =SUM(B11:M11)
A12: Sr. br. tropskih dana | B12: 0 | C12: 0 | D12: 0 | E12: 0 | F12: 2 | G12: 7 | H12: 13 | I12: 16 | J12: 1 | K12: 0 | L12: 0 | M12: 0 | N12: =SUM(B12:M12)
A13: RELATIVNA VLAGA (%)
A14: Prosek | B14: 78.5 | C14: 71.3 | D14: 77.7 | E14: 70.8 | F14: 68.5 | G14: 60.5 | H14: 57.8 | I14: 53.9 | J14: 66 | K14: 71.5 | L14: 77.7 | M14: 84.1 | N14: =AVERAGE(B14:M14)
A15: TRAJANJE SIJANJA SUNCA (h)
A16: Prosek | B16: 212.2 | C16: 219.8 | D16: 241.6 | E16: 335.3 | F16: 364 | G16: 404.7 | H16: 398 | I16: 358.1 | J16: 318.3 | K16: 290.2 | L16: 183 | M16: 205.7 | N16: =SUM(B16:M16)
A17: Broj vedrih dana | B17: 9 | C17: 11 | D17: 2 | E17: 4 | F17: 4 | G17: 4 | H17: 15 | I17: 17 | J17: 10 | K17: 8 | L17: 1 | M17: 5 | N17: =SUM(B17:M17)
A18: Broj oblačnih dana | B18: 7 | C18: 6 | D18: 13 | E18: 5 | F18: 6 | G18: 2 | H18: 1 | I18: 1 | J18: 1 | K18: 4 | L18: 13 | M18: 7 | N18: =SUM(B18:M18)
A19: PADAVINE (mm)
A20: Sr. mesečna suma | B20: 36.7 | C20: 34.4 | D20: 75.5 | E20: 58.4 | F20: 60 | G20: 43.4 | H20: 33.1 | I20: 33.5 | J20: 48.4 | K20: 12.3 | L20: 66.4 | M20: 59.1 | N20: =SUM(B20:M20)
A21: Max. dnevna suma | B21: 6.9 | C21: 16.1 | D21: 16.9 | E21: 7.9 | F21: 9.2 | G21: 11 | H21: 8.6 | I21: 11.4 | J21: 22.4 | K21: 10.8 | L21: 14.5 | M21: 17.1 | N21: =MAX(B21:M21)
A22: Sr. br. dana >= 0.1 mm | B22: 11 | C22: 9 | D22: 18 | E22: 16 | F22: 18 | G22: 15 | H22: 12 | I22: 12 | J22: 10 | K22: 4 | L22: 13 | M22: 15 | N22: =SUM(B22:M22)
A23: Sr. br. dana >= 10.0 mm | B23: 0 | C23: 1 | D23: 2 | E23: 0 | F23: 0 | G23: 1 | H23: 0 | I23: 2 | J23: 2 | K23: 1 | L23: 2 | M23: 2 | N23: =SUM(B23:M23)
A24: POJAVE (broj dana sa....)
A25: snegom | B25: 9 | C25: 10 | D25: 13 | E25: 0 | F25: 0 | G25: 0 | H25: 0 | I25: 0 | J25: 0 | K25: 0 | L25: 9 | M25: 7 | N25: =SUM(B25:M25)
A26: snežnim pokrivačem | B26: 9 | C26: 10 | D26: 13 | E26: 0 | F26: 0 | G26: 0 | H26: 0 | I26: 0 | J26: 0 | K26: 0 | L26: 9 | M26: 7 | N26: =SUM(B26:M26)
A27: maglom | B27: 0 | C27: 0 | D27: 0 | E27: 0 | F27: 0 | G27: 0 | H27: 0 | I27: 0 | J27: 0 | K27: 0 | L27: 0 | M27: 0 | N27: =SUM(B27:M27)
A28: gradom | B28: 0 | C28: 0 | D28: 0 | E28: 0 | F28: 0 | G28: 0 | H28: 0 | I28: 0 | J28: 0 | K28: 0 | L28: 0 | M28: 0 | N28: =SUM(B28:M28)

Sheet 1994
A1: PROSEČNE MESEČNE, GODIŠNJE I EKSTREMNE VREDNOSTI ZA 1994. GODINU
A2: KRUŠEVAC φ 43.58°N λ 21.32°E h 166 m
A4: METEOROLOŠKI PARAMETAR | B4: jan | C4: feb | D4: mar | E4: apr | F4: maj | G4: jun | H4: jul | I4: avg | J4: sep | K4: okt | L4: nov | M4: dec | N4: god.
A5: TEMPERATURA VAZDUHA (°C)
A6: Normalna vrednost | B6: 2.9 | C6: 1.5 | D6: 8.8 | E6: 12.2 | F6: 17.3 | G6: 19.9 | H6: 22.6 | I6: 23.9 | J6: 21.6 | K6: 11.3 | L6: 7 | M6: 1.5 | N6: =AVERAGE(B6:M6)
A7: Srednja maksimalna | B7: 7.7 | C7: 6.5 | D7: 15.1 | E7: 17.3 | F7: 22.6 | G7: 25.2 | H7: 27.2 | I7: 29.7 | J7: 27.7 | K7: 16.2 | L7: 11.6 | M7: 5.9 | N7: =AVERAGE(B7:M7)
A8: Srednja minimalna | B8: -0.9 | C8: -2.5 | D8: 2.9 | E8: 7.2 | F8: 10.8 | G8: 14 | H8: 17.8 | I8: 17.4 | J8: 15.2 | K8: 6.9 | L8: 3 | M8: -1.6 | N8: =AVERAGE(B8:M8)
A9: Apsolutni maksimum | B9: 13.8 | C9: 18.5 | D9: 24.2 | E9: 23.1 | F9: 31.7 | G9: 33.6 | H9: 32 | I9: 39.2 | J9: 33.8 | K9: 30 | L9: 20.7 | M9: 15.7 | N9: =MAX(B9:M9)
A10: Apsolutni minimum | B10: -5.9 | C10: -12.3 | D10: -1.5 | E10: 1.4 | F10: 4.3 | G10: 8.7 | H10: 13.2 | I10: 12 | J10: 11.2 | K10: 1.7 | L10: -2.3 | M10: -10.8 | N10: =MIN(B10:M10)
A11: Sr. br. mraznih dana | B11: 22 | C11: 21 | D11: 4 | E11: 0 | F11: 0 | G11: 0 | H11: 0 | I11: 0 | J11: 0 | K11: 0 | L11: 5 | M11: 23 | N11: =SUM(B11:M11)
A12: Sr. br. tropskih dana | B12: 0 | C12: 0 | D12: 0 | E12: 0 | F12: 4 | G12: 8 | H12: 4 | I12: 16 | J12: 11 | K12: 1 | L12: 0 | M12: 0 | N12: =SUM(B12:M12)
A13: RELATIVNA VLAGA (%)
A14: Prosek | B14: 84.4 | C14: 78 | D14: 72.2 | E14: 73.8 | F14: 67.7 | G14: 69 | H14: 72.8 | I14: 59 | J14: 64.5 | K14: 76.9 | L14: 80.3 | M14: 80.9 | N14: =AVERAGE(B14:M14)
A15: TRAJANJE SIJANJA SUNCA (h)
A16: Prosek | B16: 167.8 | C16: 161.8 | D16: 296 | E16: 271 | F16: 356.2 | G16: 366.5 | H16: 367.8 | I16: 384.9 | J16: 335.1 | K16: 230.3 | L16: 221.9 | M16: 174.1 | N16: =SUM(B16:M16)
A17: Broj vedrih dana | B17: 1 | C17: 1 | D17: 8 | E17: 2 | F17: 6 | G17: 8 | H17: 7 | I17: 18 | J17: 9 | K17: 2 | L17: 2 | M17: 3 | N17: =SUM(B17:M17)
A18: Broj oblačnih dana | B18: 13 | C18: 17 | D18: 5 | E18: 13 | F18: 5 | G18: 6 | H18: 4 | I18: 2 | J18: 1 | K18: 10 | L18: 6 | M18: 13 | N18: =SUM(B18:M18)
A19: PADAVINE (mm)
A20: Sr. mesečna suma | B20: 59 | C20: 32.4 | D20: 30.9 | E20: 87.4 | F20: 77.1 | G20: 87 | H20: 107.5 | I20: 30.8 | J20: 40 | K20: 30.5 | L20: 27 | M20: 51.7 | N20: =SUM(B20:M20)
A21: Max. dnevna suma | B21: 15 | C21: 7.6 | D21: 5.1 | E21: 16.6 | F21: 17.3 | G21: 22.7 | H21: 30.5 | I21: 10.8 | J21: 15.9 | K21: 9 | L21: 10.6 | M21: 13.1 | N21: =MAX(B21:M21)
A22: Sr. br. dana >= 0.1 mm | B22: 19 | C22: 14 | D22: 17 | E22: 22 | F22: 15 | G22: 13 | H22: 22 | I22: 13 | J22: 16 | K22: 14 | L22: 11 | M22: 15 | N22: =SUM(B22:M22)
A23: Sr. br. dana >= 10.0 mm | B23: 1 | C23: 0 | D23: 0 | E23: 3 | F23: 4 | G23: 3 | H23: 4 | I23: 1 | J23: 1 | K23: 0 | L23: 1 | M23: 1 | N23: =SUM(B23:M23)
A24: POJAVE (broj dana sa....)
A25: snegom | B25: 12 | C25: 11 | D25: 4 | E25: 0 | F25: 1 | G25: 0 | H25: 0 | I25: 0 | J25: 0 | K25: 1 | L25: 2 | M25: 13 | N25: =SUM(B25:M25)
A26: snežnim pokrivačem | B26: 12 | C26: 11 | D26: 4 | E26: 0 | F26: 1 | G26: 0 | H26: 0 | I26: 0 | J26: 0 | K26: 1 | L26: 2 | M26: 13 | N26: =SUM(B26:M26)
A27: maglom | B27: 0 | C27: 0 | D27: 0 | E27: 0 | F27: 0 | G27: 0 | H27: 0 | I27: 0 | J27: 0 | K27: 0 | L27: 0 | M27: 0 | N27: =SUM(B27:M27)
A28: gradom | B28: 0 | C28: 0 | D28: 0 | E28: 0 | F28: 0 | G28: 0 | H28: 0 | I28: 0 | J28: 0 | K28: 0 | L28: 0 | M28: 0 | N28: =SUM(B28:M28)

Sheet 1995
A1: PROSEČNE MESEČNE, GODIŠNJE I EKSTREMNE VREDNOSTI ZA 1995. GODINU
A2: KRUŠEVAC φ 43.58°N λ 21.32°E h 166 m
A4: METEOROLOŠKI PARAMETAR | B4: jan | C4: feb | D4: mar | E4: apr | F4: maj | G4: jun | H4: jul | I4: avg | J4: sep | K4: okt | L4: nov | M4: dec | N4: god.
A5: TEMPERATURA VAZDUHA (°C)
A6: Normalna vrednost | B6: -2.4 | C6: 5.4 | D6: 5.9 | E6: 10.7 | F6: 15.6 | G6: 19.5 | H6: 23.9 | I6: 20.8 | J6: 16.4 | K6: 12.2 | L6: 3.5 | M6: 1.2 | N6: =AVERAGE(B6:M6)
A7: Srednja maksimalna | B7: 1.9 | C7: 11.5 | D7: 11.6 | E7: 16.5 | F7: 20.3 | G7: 24.6 | H7: 28.8 | I7: 25.5 | J7: 22.1 | K7: 18 | L7: 7.6 | M7: 4.5 | N7: =AVERAGE(B7:M7)
A8: Srednja minimalna | B8: -6.2 | C8: 0.1 | D8: 0.8 | E8: 4.4 | F8: 10.2 | G8: 14.2 | H8: 18.4 | I8: 15.8 | J8: 10.9 | K8: 6.7 | L8: 0.1 | M8: -1.8 | N8: =AVERAGE(B8:M8)
A9: Apsolutni maksimum | B9: 11.2 | C9: 18.2 | D9: 20.6 | E9: 25.4 | F9: 28.8 | G9: 30.5 | H9: 32.9 | I9: 32 | J9: 29 | K9: 22.8 | L9: 18.2 | M9: 16.6 | N9: =MAX(B9:M9)
A10: Apsolutni minimum | B10: -17.6 | C10: -5.8 | D10: -2.9 | E10: -7 | F10: 3.3 | G10: 11.7 | H10: 15.2 | I10: 9.2 | J10: 5.4 | K10: 0.6 | L10: -6.7 | M10: -7.1 | N10: =MIN(B10:M10)
A11: Sr. br. mraznih dana | B11: 30 | C11: 13 | D11: 11 | E11: 1 | F11: 0 | G11: 0 | H11: 0 | I11: 0 | J11: 0 | K11: 0 | L11: 17 | M11: 22 | N11: =SUM(B11:M11)
A12: Sr. br. tropskih dana | B12: 0 | C12: 0 | D12: 0 | E12: 0 | F12: 0 | G12: 1 | H12: 13 | I12: 1 | J12: 0 | K12: 0 | L12: 0 | M12: 0 | N12: =SUM(B12:M12)
A13: RELATIVNA VLAGA (%)
A14: Prosek | B14: 85.9 | C14: 77.3 | D14: 73.7 | E14: 70.7 | F14: 73.2 | G14: 75.7 | H14: 64.5 | I14: 71.5 | J14: 74 | K14: 73.8 | L14: 81.2 | M14: 84.6 | N14: =AVERAGE(B14:M14)
A15: TRAJANJE SIJANJA SUNCA (h)
A16: Prosek | B16: 174.6 | C16: 222.1 | D16: 280.9 | E16: 320.1 | F16: 312.8 | G16: 382.8 | H16: 392.2 | I16: 309.8 | J16: 305.9 | K16: 305.1 | L16: 176.8 | M16: 129.1 | N16: =SUM(B16:M16)
A17: Broj vedrih dana | B17: 2 | C17: 6 | D17: 1 | E17: 5 | F17: 1 | G17: 1 | H17: 6 | I17: 5 | J17: 4 | K17: 13 | L17: 3 | M17: 3 | N17: =SUM(B17:M17)
A18: Broj oblačnih dana | B18: 14 | C18: 6 | D18: 8 | E18: 9 | F18: 8 | G18: 1 | H18: 4 | I18: 10 | J18: 3 | K18: 2 | L18: 15 | M18: 17 | N18: =SUM(B18:M18)
A19: PADAVINE (mm)
A20: Sr. mesečna suma | B20: 119 | C20: 34.9 | D20: 83 | E20: 76.8 | F20: 67.6 | G20: 84.8 | H20: 66.8 | I20: 97 | J20: 57.8 | K20: 3.6 | L20: 80.2 | M20: 97.4 | N20: =SUM(B20:M20)
A21: Max. dnevna suma | B21: 24.7 | C21: 13.8 | D21: 19.3 | E21: 14.4 | F21: 10.7 | G21: 18.4 | H21: 25.6 | I21: 22.2 | J21: 14.6 | K21: 2.1 | L21: 16.9 | M21: 20.2 | N21: =MAX(B21:M21)
A22: Sr. br. dana >= 0.1 mm | B22: 21 | C22: 14 | D22: 22 | E22: 17 | F22: 22 | G22: 25 | H22: 17 | I22: 24 | J22: 17 | K22: 4 | L22: 19 | M22: 19 | N22: =SUM(B22:M22)
A23: Sr. br. dana >= 10.0 mm | B23: 4 | C23: 1 | D23: 2 | E23: 2 | F23: 1 | G23: 1 | H23: 2 | I23: 3 | J23: 2 | K23: 0 | L23: 2 | M23: 4 | N23: =SUM(B23:M23)
A24: POJAVE (broj dana sa....)
A25: snegom | B25: 19 | C25: 5 | D25: 12 | E25: 6 | F25: 0 | G25: 0 | H25: 0 | I25: 0 | J25: 0 | K25: 0 | L25: 13 | M25: 13 | N25: =SUM(B25:M25)
A26: snežnim pokrivačem | B26: 19 | C26: 5 | D26: 12 | E26: 6 | F26: 0 | G26: 0 | H26: 0 | I26: 0 | J26: 0 | K26: 0 | L26: 13 | M26: 13 | N26: =SUM(B26:M26)
A27: maglom | B27: 0 | C27: 0 | D27: 0 | E27: 0 | F27: 0 | G27: 0 | H27: 0 | I27: 0 | J27: 0 | K27: 0 | L27: 0 | M27: 0 | N27: =SUM(B27:M27)
A28: gradom | B28: 0 | C28: 0 | D28: 0 | E28: 0 | F28: 0 | G28: 0 | H28: 0 | I28: 0 | J28: 0 | K28: 0 | L28: 0 | M28: 0 | N28: =SUM(B28:M28)

Sheet 1996
A1: PROSEČNE MESEČNE, GODIŠNJE I EKSTREMNE VREDNOSTI ZA 1996. GODINU
A2: KRUŠEVAC φ 43.58°N λ 21.32°E h 166 m
A4: METEOROLOŠKI PARAMETAR | B4: jan | C4: feb | D4: mar | E4: apr | F4: maj | G4: jun | H4: jul | I4: avg | J4: sep | K4: okt | L4: nov | M4: dec | N4: god.
A5: TEMPERATURA VAZDUHA (°C)
A6: Normalna vrednost | B6: -0.3 | C6: -1.4 | D6: 2 | E6: 11 | F6: 17.6 | G6: 21 | H6: 21.7 | I6: 22 | J6: 14.1 | K6: 11.4 | L6: 8.1 | M6: 0.8 | N6: =AVERAGE(B6:M6)
A7: Srednja maksimalna | B7: 3.2 | C7: 3.1 | D7: 6 | E7: 15.9 | F7: 22.9 | G7: 26 | H7: 27.3 | I7: 26.9 | J7: 18.2 | K7: 15.5 | L7: 13.6 | M7: 4.9 | N7: =AVERAGE(B7:M7)
A8: Srednja minimalna | B8: -2.8 | C8: -5.2 | D8: -1.8 | E8: 5.5 | F8: 11.9 | G8: 15.1 | H8: 15.5 | I8: 17.2 | J8: 10.5 | K8: 7.7 | L8: 3.7 | M8: -2.6 | N8: =AVERAGE(B8:M8)
A9: Apsolutni maksimum | B9: 8.1 | C9: 13.1 | D9: 12.4 | E9: 24.8 | F9: 31.4 | G9: 33.4 | H9: 38.4 | I9: 33.8 | J9: 24.9 | K9: 21.4 | L9: 20.8 | M9: 12.2 | N9: =MAX(B9:M9)
A10: Apsolutni minimum | B10: -7.2 | C10: -11.7 | D10: -8.4 | E10: -1.1 | F10: 7.3 | G10: 10.1 | H10: 11.2 | I10: 13.7 | J10: 5.3 | K10: 0.2 | L10: -3.2 | M10: -19.4 | N10: =MIN(B10:M10)
A11: Sr. br. mraznih dana | B11: 28 | C11: 27 | D11: 23 | E11: 1 | F11: 0 | G11: 0 | H11: 0 | I11: 0 | J11: 0 | K11: 0 | L11: 2 | M11: 19 | N11: =SUM(B11:M11)
A12: Sr. br. tropskih dana | B12: 0 | C12: 0 | D12: 0 | E12: 0 | F12: 1 | G12: 7 | H12: 11 | I12: 5 | J12: 0 | K12: 0 | L12: 0 | M12: 0 | N12: =SUM(B12:M12)
A13: RELATIVNA VLAGA (%)
A14: Prosek | B14: 78.3 | C14: 79.2 | D14: 74.7 | E14: 73.1 | F14: 74.4 | G14: 67.9 | H14: 60.3 | I14: 67.3 | J14: 79.1 | K14: 80.9 | L14: 82 | M14: 88.5 | N14: =AVERAGE(B14:M14)
A15: TRAJANJE SIJANJA SUNCA (h)
A16: Prosek | B16: 170.7 | C16: 191.7 | D16: 226.1 | E16: 292.2 | F16: 331.8 | G16: 403.5 | H16: 401.4 | I16: 353.9 | J16: 212 | K16: 212.6 | L16: 200.1 | M16: 149.9 | N16: =SUM(B16:M16)
A17: Broj vedrih dana | B17: 1 | C17: 6 | D17: 0 | E17: 2 | F17: 2 | G17: 7 | H17: 8 | I17: 5 | J17: 0 | K17: 1 | L17: 6 | M17: 3 | N17: =SUM(B17:M17)
A18: Broj oblačnih dana | B18: 18 | C18: 13 | D18: 13 | E18: 11 | F18: 11 | G18: 4 | H18: 3 | I18: 3 | J18: 14 | K18: 14 | L18: 10 | M18: 16 | N18: =SUM(B18:M18)
A19: PADAVINE (mm)
A20: Sr. mesečna suma | B20: 36.8 | C20: 57.8 | D20: 74.9 | E20: 85.1 | F20: 109.5 | G20: 41.4 | H20: 36 | I20: 75 | J20: 158.5 | K20: 69.5 | L20: 53.7 | M20: 108 | N20: =SUM(B20:M20)
A21: Max. dnevna suma | B21: 9.9 | C21: 12.1 | D21: 14.6 | E21: 14.9 | F21: 18.1 | G21: 10.6 | H21: 20.4 | I21: 12 | J21: 21.8 | K21: 16.4 | L21: 9.5 | M21: 21.3 | N21: =MAX(B21:M21)
A22: Sr. br. dana >= 0.1 mm | B22: 16 | C22: 20 | D22: 22 | E22: 23 | F22: 22 | G22: 16 | H22: 15 | I22: 26 | J22: 26 | K22: 18 | L22: 13 | M22: 20 | N22: =SUM(B22:M22)
A23: Sr. br. dana >= 10.0 mm | B23: 0 | C23: 1 | D23: 3 | E23: 4 | F23: 5 | G23: 2 | H23: 1 | I23: 1 | J23: 8 | K23: 1 | L23: 0 | M23: 5 | N23: =SUM(B23:M23)
A24: POJAVE (broj dana sa....)
A25: snegom | B25: 11 | C25: 18 | D25: 15 | E25: 5 | F25: 0 | G25: 0 | H25: 0 | I25: 0 | J25: 0 | K25: 0 | L25: 4 | M25: 12 | N25: =SUM(B25:M25)
A26: snežnim pokrivačem | B26: 11 | C26: 18 | D26: 15 | E26: 5 | F26: 0 | G26: 0 | H26: 0 | I26: 0 | J26: 0 | K26: 0 | L26: 4 | M26: 12 | N26: =SUM(B26:M26)
A27: maglom | B27: 0 | C27: 0 | D27: 0 | E27: 0 | F27: 0 | G27: 0 | H27: 0 | I27: 0 | J27: 0 | K27: 0 | L27: 0 | M27: 0 | N27: =SUM(B27:M27)
A28: gradom | B28: 0 | C28: 0 | D28: 0 | E28: 0 | F28: 0 | G28: 0 | H28: 0 | I28: 0 | J28: 0 | K28: 0 | L28: 0 | M28: 0 | N28: =SUM(B28:M28)

Sheet 1997
A1: PROSEČNE MESEČNE, GODIŠNJE I EKSTREMNE VREDNOSTI ZA 1997. GODINU
A2: KRUŠEVAC φ 43.58°N λ 21.32°E h 166 m
A4: METEOROLOŠKI PARAMETAR | B4: jan | C4: feb | D4: mar | E4: apr | F4: maj | G4: jun | H4: jul | I4: avg | J4: sep | K4: okt | L4: nov | M4: dec | N4: god.
A5: TEMPERATURA VAZDUHA (°C)
A6: Normalna vrednost | B6: 0.6 | C6: 3.6 | D6: 5.3 | E6: 6.6 | F6: 17 | G6: 20.7 | H6: 21.2 | I6: 20 | J6: 16.4 | K6: 9.2 | L6: 6.7 | M6: 2.1 | N6: =AVERAGE(B6:M6)
A7: Srednja maksimalna | B7: 4.7 | C7: 9 | D7: 10.1 | E7: 11.4 | F7: 22.6 | G7: 26.3 | H7: 25.8 | I7: 24.4 | J7: 21.5 | K7: 14.1 | L7: 11.4 | M7: 5.7 | N7: =AVERAGE(B7:M7)
A8: Srednja minimalna | B8: -2.6 | C8: -1 | D8: 0.6 | E8: 1.7 | F8: 11 | G8: 14.4 | H8: 16.4 | I8: 15.4 | J8: 11.3 | K8: 4.5 | L8: 3.1 | M8: -0.9 | N8: =AVERAGE(B8:M8)
A9: Apsolutni maksimum | B9: 11.1 | C9: 19 | D9: 21.1 | E9: 18.9 | F9: 30.1 | G9: 34 | H9: 37.1 | I9: 30.1 | J9: 29.4 | K9: 27.2 | L9: 19.5 | M9: 11.1 | N9: =MAX(B9:M9)
A10: Apsolutni minimum | B10: -6.3 | C10: -5.4 | D10: -2.7 | E10: -2.6 | F10: 5.6 | G10: 6.3 | H10: 13.7 | I10: 11.8 | J10: 6.4 | K10: -3.4 | L10: -2.6 | M10: -13.3 | N10: =MIN(B10:M10)
A11: Sr. br. mraznih dana | B11: 29 | C11: 20 | D11: 13 | E11: 6 | F11: 0 | G11: 0 | H11: 0 | I11: 0 | J11: 0 | K11: 5 | L11: 8 | M11: 15 | N11: =SUM(B11:M11)
A12: Sr. br. tropskih dana | B12: 0 | C12: 0 | D12: 0 | E12: 0 | F12: 1 | G12: 7 | H12: 3 | I12: 1 | J12: 0 | K12: 0 | L12: 0 | M12: 0 | N12: =SUM(B12:M12)
A13: RELATIVNA VLAGA (%)
A14: Prosek | B14: 84.2 | C14: 73.2 | D14: 71.7 | E14: 71.4 | F14: 67.3 | G14: 71 | H14: 69.6 | I14: 75.3 | J14: 69.8 | K14: 75.1 | L14: 82.8 | M14: 85.6 | N14: =AVERAGE(B14:M14)
A15: TRAJANJE SIJANJA SUNCA (h)
A16: Prosek | B16: 190.5 | C16: 228.7 | D16: 273.1 | E16: 260.6 | F16: 368.9 | G16: 396.6 | H16: 364.1 | I16: 324 | J16: 308.4 | K16: 215.2 | L16: 199.4 | M16: 121 | N16: =SUM(B16:M16)
A17: Broj vedrih dana | B17: 7 | C17: 7 | D17: 5 | E17: 1 | F17: 5 | G17: 3 | H17: 4 | I17: 5 | J17: 10 | K17: 4 | L17: 4 | M17: 1 | N17: =SUM(B17:M17)
A18: Broj oblačnih dana | B18: 13 | C18: 7 | D18: 6 | E18: 12 | F18: 5 | G18: 3 | H18: 7 | I18: 8 | J18: 3 | K18: 12 | L18: 11 | M18: 18 | N18: =SUM(B18:M18)
A19: PADAVINE (mm)
A20: Sr. mesečna suma | B20: 12.3 | C20: 32.6 | D20: 86.9 | E20: 89.9 | F20: 89.8 | G20: 43.7 | H20: 75.5 | I20: 129.7 | J20: 4.9 | K20: 88.3 | L20: 21.4 | M20: 70.1 | N20: =SUM(B20:M20)
A21: Max. dnevna suma | B21: 3.2 | C21: 9.4 | D21: 23.4 | E21: 16.5 | F21: 24 | G21: 9.9 | H21: 14.7 | I21: 41.4 | J21: 3.3 | K21: 19.2 | L21: 7 | M21: 12.4 | N21: =MAX(B21:M21)
A22: Sr. br. dana >= 0.1 mm | B22: 9 | C22: 11 | D22: 17 | E22: 23 | F22: 21 | G22: 18 | H22: 24 | I22: 21 | J22: 6 | K22: 14 | L22: 13 | M22: 20 | N22: =SUM(B22:M22)
A23: Sr. br. dana >= 10.0 mm | B23: 0 | C23: 0 | D23: 3 | E23: 2 | F23: 3 | G23: 0 | H23: 2 | I23: 3 | J23: 0 | K23: 3 | L23: 0 | M23: 2 | N23: =SUM(B23:M23)
A24: POJAVE (broj dana sa....)
A25: snegom | B25: 6 | C25: 11 | D25: 12 | E25: 14 | F25: 0 | G25: 0 | H25: 0 | I25: 0 | J25: 0 | K25: 3 | L25: 3 | M25: 9 | N25: =SUM(B25:M25)
A26: snežnim pokrivačem | B26: 6 | C26: 11 | D26: 12 | E26: 14 | F26: 0 | G26: 0 | H26: 0 | I26: 0 | J26: 0 | K26: 3 | L26: 3 | M26: 9 | N26: =SUM(B26:M26)
A27: maglom | B27: 0 | C27: 0 | D27: 0 | E27: 0 | F27: 0 | G27: 0 | H27: 0 | I27: 0 | J27: 0 | K27: 0 | L27: 0 | M27: 0 | N27: =SUM(B27:M27)
A28: gradom | B28: 0 | C28: 0 | D28: 0 | E28: 0 | F28: 0 | G28: 0 | H28: 0 | I28: 0 | J28: 0 | K28: 0 | L28: 0 | M28: 0 | N28: =SUM(B28:M28)

Sheet 1998
A1: PROSEČNE MESEČNE, GODIŠNJE I EKSTREMNE VREDNOSTI ZA 1998. GODINU
A2: KRUŠEVAC φ 43.58°N λ 21.32°E h 166 m
A4: METEOROLOŠKI PARAMETAR | B4: jan | C4: feb | D4: mar | E4: apr | F4: maj | G4: jun | H4: jul | I4: avg | J4: sep | K4: okt | L4: nov | M4: dec | N4: god.
A5: TEMPERATURA VAZDUHA (°C)
A6: Normalna vrednost | B6: 2.6 | C6: 3.8 | D6: 4.2 | E6: 13.1 | F6: 15.9 | G6: 21.6 | H6: 23.4 | I6: 23.6 | J6: 16.6 | K6: 12.7 | L6: 3.4 | M6: -3.4 | N6: =AVERAGE(B6:M6)
A7: Srednja maksimalna | B7: 7.7 | C7: 9.2 | D7: 9.3 | E7: 19.5 | F7: 20.5 | G7: 26.7 | H7: 28.8 | I7: 29.1 | J7: 21.3 | K7: 18.2 | L7: 7 | M7: 1.6 | N7: =AVERAGE(B7:M7)
A8: Srednja minimalna | B8: -1.4 | C8: -1.3 | D8: -0.6 | E8: 6.4 | F8: 10.9 | G8: 15.5 | H8: 17.2 | I8: 18 | J8: 12 | K8: 8 | L8: 0.2 | M8: -7.6 | N8: =AVERAGE(B8:M8)
A9: Apsolutni maksimum | B9: 13.2 | C9: 18 | D9: 20.5 | E9: 27.1 | F9: 25.3 | G9: 32.9 | H9: 38.2 | I9: 37.3 | J9: 29.5 | K9: 25.3 | L9: 21.6 | M9: 8.1 | N9: =MAX(B9:M9)
A10: Apsolutni minimum | B10: -7 | C10: -12.2 | D10: -4.4 | E10: 0.5 | F10: 6.6 | G10: 10.3 | H10: 11.1 | I10: 11.9 | J10: 8.7 | K10: 0.5 | L10: -7.7 | M10: -15.9 | N10: =MIN(B10:M10)
A11: Sr. br. mraznih dana | B11: 22 | C11: 16 | D11: 20 | E11: 0 | F11: 0 | G11: 0 | H11: 0 | I11: 0 | J11: 0 | K11: 0 | L11: 15 | M11: 29 | N11: =SUM(B11:M11)
A12: Sr. br. tropskih dana | B12: 0 | C12: 0 | D12: 0 | E12: 0 | F12: 0 | G12: 9 | H12: 16 | I12: 15 | J12: 0 | K12: 0 | L12: 0 | M12: 0 | N12: =SUM(B12:M12)
A13: RELATIVNA VLAGA (%)
A14: Prosek | B14: 82.1 | C14: 75.4 | D14: 63.7 | E14: 66.8 | F14: 70.3 | G14: 68 | H14: 59.8 | I14: 56.9 | J14: 75.4 | K14: 79.5 | L14: 83.4 | M14: 82.3 | N14: =AVERAGE(B14:M14)
A15: TRAJANJE SIJANJA SUNCA (h)
A16: Prosek | B16: 212 | C16: 214.1 | D16: 301.6 | E16: 338.7 | F16: 323.9 | G16: 413.7 | H16: 408.4 | I16: 371.4 | J16: 242.3 | K16: 244.6 | L16: 124.5 | M16: 192.7 | N16: =SUM(B16:M16)
A17: Broj vedrih dana | B17: 7 | C17: 10 | D17: 2 | E17: 3 | F17: 2 | G17: 4 | H17: 16 | I17: 14 | J17: 3 | K17: 4 | L17: 1 | M17: 6 | N17: =SUM(B17:M17)
A18: Broj oblačnih dana | B18: 9 | C18: 10 | D18: 3 | E18: 6 | F18: 11 | G18: 1 | H18: 3 | I18: 3 | J18: 10 | K18: 10 | L18: 13 | M18: 11 | N18: =SUM(B18:M18)
A19: PADAVINE (mm)
A20: Sr. mesečna suma | B20: 56.7 | C20: 40.1 | D20: 27.6 | E20: 49.5 | F20: 86.1 | G20: 66.9 | H20: 28.3 | I20: 26.2 | J20: 96.3 | K20: 110.8 | L20: 82.6 | M20: 36.2 | N20: =SUM(B20:M20)
A21: Max. dnevna suma | B21: 21.9 | C21: 18.9 | D21: 7 | E21: 16.2 | F21: 13.1 | G21: 17.7 | H21: 8 | I21: 7.5 | J21: 26.3 | K21: 33.9 | L21: 21.9 | M21: 8 | N21: =MAX(B21:M21)
A22: Sr. br. dana >= 0.1 mm | B22: 15 | C22: 10 | D22: 15 | E22: 16 | F22: 18 | G22: 22 | H22: 10 | I22: 10 | J22: 16 | K22: 14 | L22: 17 | M22: 15 | N22: =SUM(B22:M22)
A23: Sr. br. dana >= 10.0 mm | B23: 1 | C23: 1 | D23: 0 | E23: 1 | F23: 3 | G23: 4 | H23: 0 | I23: 0 | J23: 3 | K23: 3 | L23: 3 | M23: 0 | N23: =SUM(B23:M23)
A24: POJAVE (broj dana sa....)
A25: snegom | B25: 6 | C25: 7 | D25: 15 | E25: 0 | F25: 0 | G25: 0 | H25: 0 | I25: 0 | J25: 0 | K25: 0 | L25: 10 | M25: 15 | N25: =SUM(B25:M25)
A26: snežnim pokrivačem | B26: 6 | C26: 7 | D26: 15 | E26: 0 | F26: 0 | G26: 0 | H26: 0 | I26: 0 | J26: 0 | K26: 0 | L26: 10 | M26: 15 | N26: =SUM(B26:M26)
A27: maglom | B27: 0 | C27: 0 | D27: 0 | E27: 0 | F27: 0 | G27: 0 | H27: 0 | I27: 0 | J27: 0 | K27: 0 | L27: 0 | M27: 0 | N27: =SUM(B27:M27)
A28: gradom | B28: 0 | C28: 0 | D28: 0 | E28: 0 | F28: 0 | G28: 0 | H28: 0 | I28: 0 | J28: 0 | K28: 0 | L28: 0 | M28: 0 | N28: =SUM(B28:M28)

Sheet 1999
A1: PROSEČNE MESEČNE, GODIŠNJE I EKSTREMNE VREDNOSTI ZA 1999. GODINU
A2: KRUŠEVAC φ 43.58°N λ 21.32°E h 166 m
A4: METEOROLOŠKI PARAMETAR | B4: jan | C4: feb | D4: mar | E4: apr | F4: maj | G4: jun | H4: jul | I4: avg | J4: sep | K4: okt | L4: nov | M4: dec | N4: god.
A5: TEMPERATURA VAZDUHA (°C)
A6: Normalna vrednost | B6: 0.9 | C6: 0.6 | D6: 6.9 | E6: 12.2 | F6: 16.8 | G6: 19.8 | H6: 21.5 | I6: 22.6 | J6: 18.9 | K6: 11.9 | L6: 5.3 | M6: 1.4 | N6: =AVERAGE(B6:M6)
A7: Srednja maksimalna | B7: 5.7 | C7: 5.4 | D7: 12.5 | E7: 17.8 | F7: 21.6 | G7: 24.6 | H7: 25.9 | I7: 27.8 | J7: 23.9 | K7: 16.9 | L7: 9.6 | M7: 6.4 | N7: =AVERAGE(B7:M7)
A8: Srednja minimalna | B8: -2.6 | C8: -3.9 | D8: 1.8 | E8: 6.5 | F8: 11.1 | G8: 14.9 | H8: 17.1 | I8: 16.8 | J8: 13.8 | K8: 7.7 | L8: 1.9 | M8: -2.5 | N8: =AVERAGE(B8:M8)
A9: Apsolutni maksimum | B9: 12.5 | C9: 16.5 | D9: 18.8 | E9: 25.7 | F9: 28 | G9: 30.3 | H9: 33.4 | I9: 37.6 | J9: 31.9 | K9: 27.2 | L9: 17.3 | M9: 13 | N9: =MAX(B9:M9)
A10: Apsolutni minimum | B10: -10.5 | C10: -17.3 | D10: -2.6 | E10: 1.6 | F10: 6 | G10: 9.6 | H10: 13.8 | I10: 12.6 | J10: 9.3 | K10: 3.2 | L10: -3.9 | M10: -19.4 | N10: =MIN(B10:M10)
A11: Sr. br. mraznih dana | B11: 25 | C11: 24 | D11: 8 | E11: 0 | F11: 0 | G11: 0 | H11: 0 | I11: 0 | J11: 0 | K11: 0 | L11: 8 | M11: 21 | N11: =SUM(B11:M11)
A12: Sr. br. tropskih dana | B12: 0 | C12: 0 | D12: 0 | E12: 0 | F12: 0 | G12: 2 | H12: 4 | I12: 10 | J12: 2 | K12: 0 | L12: 0 | M12: 0 | N12: =SUM(B12:M12)
A13: RELATIVNA VLAGA (%)
A14: Prosek | B14: 84.1 | C14: 77.1 | D14: 73.2 | E14: 75.3 | F14: 74 | G14: 77.2 | H14: 77.5 | I14: 68.7 | J14: 76 | K14: 78.8 | L14: 84.1 | M14: 85.7 | N14: =AVERAGE(B14:M14)
A15: TRAJANJE SIJANJA SUNCA (h)
A16: Prosek | B16: 194.9 | C16: 176.1 | D16: 274 | E16: 302.7 | F16: 329.2 | G16: 323.8 | H16: 326.9 | I16: 376.8 | J16: 284.4 | K16: 242.1 | L16: 159.8 | M16: 171.2 | N16: =SUM(B16:M16)
A17: Broj vedrih dana | B17: 8 | C17: 4 | D17: 6 | E17: 4 | F17: 3 | G17: 2 | H17: 7 | I17: 13 | J17: 8 | K17: 1 | L17: 6 | M17: 4 | N17: =SUM(B17:M17)
A18: Broj oblačnih dana | B18: 11 | C18: 17 | D18: 11 | E18: 8 | F18: 10 | G18: 9 | H18: 9 | I18: 1 | J18: 5 | K18: 6 | L18: 17 | M18: 14 | N18: =SUM(B18:M18)
A19: PADAVINE (mm)
A20: Sr. mesečna suma | B20: 41.4 | C20: 56.4 | D20: 54.4 | E20: 103.9 | F20: 63 | G20: 103.2 | H20: 137.2 | I20: 38.8 | J20: 74.4 | K20: 42.9 | L20: 50.6 | M20: 82.2 | N20: =SUM(B20:M20)
A21: Max. dnevna suma | B21: 9.6 | C21: 11.6 | D21: 18.6 | E21: 11.9 | F21: 17.1 | G21: 18.2 | H21: 24.4 | I21: 19.6 | J21: 17.6 | K21: 17.2 | L21: 9.1 | M21: 18 | N21: =MAX(B21:M21)
A22: Sr. br. dana >= 0.1 mm | B22: 11 | C22: 16 | D22: 17 | E22: 24 | F22: 19 | G22: 20 | H22: 21 | I22: 14 | J22: 13 | K22: 11 | L22: 17 | M22: 19 | N22: =SUM(B22:M22)
A23: Sr. br. dana >= 10.0 mm | B23: 0 | C23: 1 | D23: 1 | E23: 4 | F23: 1 | G23: 4 | H23: 6 | I23: 1 | J23: 4 | K23: 1 | L23: 0 | M23: 2 | N23: =SUM(B23:M23)
A24: POJAVE (broj dana sa....)
A25: snegom | B25: 9 | C25: 15 | D25: 6 | E25: 1 | F25: 0 | G25: 0 | H25: 0 | I25: 0 | J25: 0 | K25: 2 | L25: 6 | M25: 12 | N25: =SUM(B25:M25)
A26: snežnim pokrivačem | B26: 9 | C26: 15 | D26: 6 | E26: 1 | F26: 0 | G26: 0 | H26: 0 | I26: 0 | J26: 0 | K26: 2 | L26: 6 | M26: 12 | N26: =SUM(B26:M26)
A27: maglom | B27: 0 | C27: 0 | D27: 0 | E27: 0 | F27: 0 | G27: 0 | H27: 0 | I27: 0 | J27: 0 | K27: 0 | L27: 0 | M27: 0 | N27: =SUM(B27:M27)
A28: gradom | B28: 0 | C28: 0 | D28: 0 | E28: 0 | F28: 0 | G28: 0 | H28: 0 | I28: 0 | J28: 0 | K28: 0 | L28: 0 | M28: 0 | N28: =SUM(B28:M28)

Sheet 2000
A1: PROSEČNE MESEČNE, GODIŠNJE I EKSTREMNE VREDNOSTI ZA 2000. GODINU
A2: KRUŠEVAC φ 43.58°N λ 21.32°E h 166 m
A4: METEOROLOŠKI PARAMETAR | B4: jan | C4: feb | D4: mar | E4: apr | F4: maj | G4: jun | H4: jul | I4: avg | J4: sep | K4: okt | L4: nov | M4: dec | N4: god.
A5: TEMPERATURA VAZDUHA (°C)
A6: Normalna vrednost | B6: -3 | C6: 2.9 | D6: 6.6 | E6: 14.2 | F6: 18.9 | G6: 22.1 | H6: 22.8 | I6: 25.1 | J6: 17.5 | K6: 13 | L6: 10.1 | M6: 3.5 | N6: =AVERAGE(B6:M6)
A7: Srednja maksimalna | B7: 1.3 | C7: 7.5 | D7: 12.7 | E7: 19.9 | F7: 24.6 | G7: 27.6 | H7: 29 | I7: 30.8 | J7: 22.9 | K7: 18.8 | L7: 16.3 | M7: 8.9 | N7: =AVERAGE(B7:M7)
A8: Srednja minimalna | B8: -7.4 | C8: -1.1 | D8: 1 | E8: 8 | F8: 12.3 | G8: 15.3 | H8: 15.7 | I8: 18.2 | J8: 12.5 | K8: 8.1 | L8: 5.4 | M8: -0.6 | N8: =AVERAGE(B8:M8)
A9: Apsolutni maksimum | B9: 6.9 | C9: 13.8 | D9: 21.3 | E9: 26.3 | F9: 30.2 | G9: 35.5 | H9: 41.1 | I9: 38 | J9: 31.9 | K9: 25.5 | L9: 21.8 | M9: 14 | N9: =MAX(B9:M9)
A10: Apsolutni minimum | B10: -18.2 | C10: -5.2 | D10: -3.1 | E10: 0.1 | F10: 6.1 | G10: 9.8 | H10: 11.9 | I10: 12.3 | J10: 6.4 | K10: 0.4 | L10: -1.9 | M10: -6.8 | N10: =MIN(B10:M10)
A11: Sr. br. mraznih dana | B11: 31 | C11: 21 | D11: 12 | E11: 0 | F11: 0 | G11: 0 | H11: 0 | I11: 0 | J11: 0 | K11: 0 | L11: 1 | M11: 17 | N11: =SUM(B11:M11)
A12: Sr. br. tropskih dana | B12: 0 | C12: 0 | D12: 0 | E12: 0 | F12: 1 | G12: 12 | H12: 13 | I12: 20 | J12: 2 | K12: 0 | L12: 0 | M12: 0 | N12: =SUM(B12:M12)
A13: RELATIVNA VLAGA (%)
A14: Prosek | B14: 78.8 | C14: 75.7 | D14: 69.1 | E14: 66.7 | F14: 59.5 | G14: 53.6 | H14: 56 | I14: 46.5 | J14: 69.3 | K14: 74 | L14: 79.9 | M14: 80.7 | N14: =AVERAGE(B14:M14)
A15: TRAJANJE SIJANJA SUNCA (h)
A16: Prosek | B16: 209.4 | C16: 203.2 | D16: 304.1 | E16: 331.3 | F16: 390.9 | G16: 412.7 | H16: 415 | I16: 399.8 | J16: 279.1 | K16: 269.9 | L16: 234.8 | M16: 200.4 | N16: =SUM(B16:M16)
A17: Broj vedrih dana | B17: 4 | C17: 3 | D17: 4 | E17: 1 | F17: 8 | G17: 14 | H17: 16 | I17: 18 | J17: 5 | K17: 10 | L17: 2 | M17: 3 | N17: =SUM(B17:M17)
A18: Broj oblačnih dana | B18: 8 | C18: 8 | D18: 4 | E18: 4 | F18: 5 | G18: 3 | H18: 1 | I18: 0 | J18: 9 | K18: 12 | L18: 5 | M18: 12 | N18: =SUM(B18:M18)
A19: PADAVINE (mm)
A20: Sr. mesečna suma | B20: 47.4 | C20: 47.3 | D20: 52.4 | E20: 39.4 | F20: 34.1 | G20: 32.7 | H20: 60 | I20: 19.8 | J20: 80.1 | K20: 22.4 | L20: 25.9 | M20: 28.8 | N20: =SUM(B20:M20)
A21: Max. dnevna suma | B21: 13.8 | C21: 12.5 | D21: 9 | E21: 11 | F21: 8 | G21: 7.4 | H21: 18.4 | I21: 6.8 | J21: 22.3 | K21: 5.5 | L21: 5.6 | M21: 5.6 | N21: =MAX(B21:M21)
A22: Sr. br. dana >= 0.1 mm | B22: 11 | C22: 13 | D22: 18 | E22: 18 | F22: 17 | G22: 10 | H22: 14 | I22: 9 | J22: 15 | K22: 13 | L22: 10 | M22: 9 | N22: =SUM(B22:M22)
A23: Sr. br. dana >= 10.0 mm | B23: 1 | C23: 1 | D23: 0 | E23: 1 | F23: 0 | G23: 0 | H23: 3 | I23: 0 | J23: 3 | K23: 0 | L23: 0 | M23: 0 | N23: =SUM(B23:M23)
A24: POJAVE (broj dana sa....)
A25: snegom | B25: 12 | C25: 10 | D25: 11 | E25: 1 | F25: 0 | G25: 0 | H25: 0 | I25: 0 | J25: 0 | K25: 0 | L25: 0 | M25: 4 | N25: =SUM(B25:M25)
A26: snežnim pokrivačem | B26: 12 | C26: 10 | D26: 11 | E26: 1 | F26: 0 | G26: 0 | H26: 0 | I26: 0 | J26: 0 | K26: 0 | L26: 0 | M26: 4 | N26: =SUM(B26:M26)
A27: maglom | B27: 0 | C27: 0 | D27: 0 | E27: 0 | F27: 0 | G27: 0 | H27: 0 | I27: 0 | J27: 0 | K27: 0 | L27: 0 | M27: 0 | N27: =SUM(B27:M27)
A28: gradom | B28: 0 | C28: 0 | D28: 0 | E28: 0 | F28: 0 | G28: 0 | H28: 0 | I28: 0 | J28: 0 | K28: 0 | L28: 0 | M28: 0 | N28: =SUM(B28:M28)

Sheet 2001
A1: PROSEČNE MESEČNE, GODIŠNJE I EKSTREMNE VREDNOSTI ZA 2001. GODINU
A2: KRUŠEVAC φ 43.58°N λ 21.32°E h 166 m
A4: METEOROLOŠKI PARAMETAR | B4: jan | C4: feb | D4: mar | E4: apr | F4: maj | G4: jun | H4: jul | I4: avg | J4: sep | K4: okt | L4: nov | M4: dec | N4: god.
A5: TEMPERATURA VAZDUHA (°C)
A6: Normalna vrednost | B6: 2.3 | C6: 3.3 | D6: 9.7 | E6: 10.5 | F6: 16.8 | G6: 18.1 | H6: 22.6 | I6: 23.8 | J6: 16.6 | K6: 14.2 | L6: 4.7 | M6: -3.8 | N6: =AVERAGE(B6:M6)
A7: Srednja maksimalna | B7: 7.1 | C7: 8 | D7: 16.2 | E7: 15.6 | F7: 21.9 | G7: 23.2 | H7: 27.4 | I7: 29.1 | J7: 22.4 | K7: 20 | L7: 9.1 | M7: -0.2 | N7: =AVERAGE(B7:M7)
A8: Srednja minimalna | B8: -1 | C8: -0.6 | D8: 3.9 | E8: 5 | F8: 11.2 | G8: 12.5 | H8: 17.3 | I8: 18.3 | J8: 11.5 | K8: 9 | L8: 1.6 | M8: -7.6 | N8: =AVERAGE(B8:M8)
A9: Apsolutni maksimum | B9: 15.1 | C9: 16.8 | D9: 26.1 | E9: 22.5 | F9: 29.6 | G9: 34.6 | H9: 35.5 | I9: 37.5 | J9: 29.6 | K9: 26.8 | L9: 19.2 | M9: 5.5 | N9: =MAX(B9:M9)
A10: Apsolutni minimum | B10: -6.1 | C10: -7.1 | D10: -4.4 | E10: -0.3 | F10: 5.1 | G10: 8.8 | H10: 13.5 | I10: 10.9 | J10: 7.2 | K10: -0.1 | L10: -3 | M10: -15.4 | N10: =MIN(B10:M10)
A11: Sr. br. mraznih dana | B11: 19 | C11: 16 | D11: 2 | E11: 1 | F11: 0 | G11: 0 | H11: 0 | I11: 0 | J11: 0 | K11: 1 | L11: 10 | M11: 31 | N11: =SUM(B11:M11)
A12: Sr. br. tropskih dana | B12: 0 | C12: 0 | D12: 0 | E12: 0 | F12: 0 | G12: 4 | H12: 8 | I12: 13 | J12: 0 | K12: 0 | L12: 0 | M12: 0 | N12: =SUM(B12:M12)
A13: RELATIVNA VLAGA (%)
A14: Prosek | B14: 82.1 | C14: 76.7 | D14: 72.8 | E14: 73.4 | F14: 74.8 | G14: 72.5 | H14: 69.3 | I14: 62.1 | J14: 73.4 | K14: 75.8 | L14: 80.2 | M14: 80.9 | N14: =AVERAGE(B14:M14)
A15: TRAJANJE SIJANJA SUNCA (h)
A16: Prosek | B16: 182.5 | C16: 202.5 | D16: 281.2 | E16: 260.8 | F16: 341.6 | G16: 366 | H16: 387.6 | I16: 368.6 | J16: 267.8 | K16: 291.7 | L16: 166.8 | M16: 155.9 | N16: =SUM(B16:M16)
A17: Broj vedrih dana | B17: 1 | C17: 4 | D17: 2 | E17: 4 | F17: 2 | G17: 8 | H17: 7 | I17: 15 | J17: 4 | K17: 15 | L17: 4 | M17: 3 | N17: =SUM(B17:M17)
A18: Broj oblačnih dana | B18: 17 | C18: 11 | D18: 12 | E18: 12 | F18: 9 | G18: 4 | H18: 4 | I18: 3 | J18: 7 | K18: 2 | L18: 15 | M18: 18 | N18: =SUM(B18:M18)
A19: PADAVINE (mm)
A20: Sr. mesečna suma | B20: 37 | C20: 55 | D20: 63.4 | E20: 164.6 | F20: 122 | G20: 105.2 | H20: 45 | I20: 46.8 | J20: 112.3 | K20: 10.9 | L20: 69.9 | M20: 46.7 | N20: =SUM(B20:M20)
A21: Max. dnevna suma | B21: 8.8 | C21: 10.3 | D21: 14.5 | E21: 41.1 | F21: 16.7 | G21: 22.7 | H21: 7.5 | I21: 11.7 | J21: 38.5 | K21: 9.1 | L21: 11.4 | M21: 13.7 | N21: =MAX(B21:M21)
A22: Sr. br. dana >= 0.1 mm | B22: 13 | C22: 16 | D22: 16 | E22: 22 | F22: 20 | G22: 18 | H22: 19 | I22: 14 | J22: 14 | K22: 5 | L22: 17 | M22: 15 | N22: =SUM(B22:M22)
A23: Sr. br. dana >= 10.0 mm | B23: 0 | C23: 1 | D23: 2 | E23: 6 | F23: 4 | G23: 4 | H23: 0 | I23: 1 | J23: 3 | K23: 0 | L23: 2 | M23: 2 | N23: =SUM(B23:M23)
A24: POJAVE (broj dana sa....)
A25: snegom | B25: 9 | C25: 14 | D25: 1 | E25: 6 | F25: 0 | G25: 0 | H25: 0 | I25: 0 | J25: 0 | K25: 0 | L25: 13 | M25: 18 | N25: =SUM(B25:M25)
A26: snežnim pokrivačem | B26: 9 | C26: 14 | D26: 1 | E26: 6 | F26: 0 | G26: 0 | H26: 0 | I26: 0 | J26: 0 | K26: 0 | L26: 13 | M26: 18 | N26: =SUM(B26:M26)
A27: maglom | B27: 0 | C27: 0 | D27: 0 | E27: 0 | F27: 0 | G27: 0 | H27: 0 | I27: 0 | J27: 0 | K27: 0 | L27: 0 | M27: 0 | N27: =SUM(B27:M27)
A28: gradom | B28: 0 | C28: 0 | D28: 0 | E28: 0 | F28: 0 | G28: 0 | H28: 0 | I28: 0 | J28: 0 | K28: 0 | L28: 0 | M28: 0 | N28: =SUM(B28:M28)

Sheet 2002
A1: PROSEČNE MESEČNE, GODIŠNJE I EKSTREMNE VREDNOSTI ZA 2002. GODINU
A2: KRUŠEVAC φ 43.58°N λ 21.32°E h 166 m
A4: METEOROLOŠKI PARAMETAR | B4: jan | C4: feb | D4: mar | E4: apr | F4: maj | G4: jun | H4: jul | I4: avg | J4: sep | K4: okt | L4: nov | M4: dec | N4: god.
A5: TEMPERATURA VAZDUHA (°C)
A6: Normalna vrednost | B6: -1.5 | C6: 6 | D6: 8.6 | E6: 11.1 | F6: 18.1 | G6: 21.4 | H6: 24 | I6: 21.7 | J6: 17.2 | K6: 12.2 | L6: 7.7 | M6: -0.3 | N6: =AVERAGE(B6:M6)
A7: Srednja maksimalna | B7: 3.5 | C7: 12.5 | D7: 14 | E7: 16.3 | F7: 23.5 | G7: 26.1 | H7: 29.1 | I7: 26.2 | J7: 21.8 | K7: 17.6 | L7: 13.4 | M7: 3 | N7: =AVERAGE(B7:M7)
A8: Srednja minimalna | B8: -5.9 | C8: 0.6 | D8: 3.1 | E8: 5.7 | F8: 12 | G8: 15.9 | H8: 18.6 | I8: 17.3 | J8: 12.7 | K8: 7.6 | L8: 3.2 | M8: -3.4 | N8: =AVERAGE(B8:M8)
A9: Apsolutni maksimum | B9: 16.7 | C9: 18.8 | D9: 21.2 | E9: 22.5 | F9: 28.3 | G9: 35.7 | H9: 36.3 | I9: 31.5 | J9: 26.5 | K9: 23.7 | L9: 19.5 | M9: 11.6 | N9: =MAX(B9:M9)
A10: Apsolutni minimum | B10: -15.4 | C10: -1.9 | D10: -0.7 | E10: -1.3 | F10: 7 | G10: 9.7 | H10: 15.8 | I10: 14.8 | J10: 6.7 | K10: 0.2 | L10: -3.2 | M10: -16.4 | N10: =MIN(B10:M10)
A11: Sr. br. mraznih dana | B11: 28 | C11: 13 | D11: 3 | E11: 1 | F11: 0 | G11: 0 | H11: 0 | I11: 0 | J11: 0 | K11: 0 | L11: 4 | M11: 24 | N11: =SUM(B11:M11)
A12: Sr. br. tropskih dana | B12: 0 | C12: 0 | D12: 0 | E12: 0 | F12: 0 | G12: 7 | H12: 14 | I12: 3 | J12: 0 | K12: 0 | L12: 0 | M12: 0 | N12: =SUM(B12:M12)
A13: RELATIVNA VLAGA (%)
A14: Prosek | B14: 84.5 | C14: 77.1 | D14: 68.1 | E14: 71.3 | F14: 69.5 | G14: 66.2 | H14: 64.8 | I14: 74.6 | J14: 72.5 | K14: 78.7 | L14: 82.4 | M14: 81.3 | N14: =AVERAGE(B14:M14)
A15: TRAJANJE SIJANJA SUNCA (h)
A16: Prosek | B16: 193.9 | C16: 224.3 | D16: 254.6 | E16: 293.6 | F16: 359.3 | G16: 377.1 | H16: 373.3 | I16: 333.2 | J16: 261.2 | K16: 237.1 | L16: 216.1 | M16: 109.1 | N16: =SUM(B16:M16)
A17: Broj vedrih dana | B17: 1 | C17: 2 | D17: 5 | E17: 3 | F17: 4 | G17: 9 | H17: 4 | I17: 1 | J17: 1 | K17: 2 | L17: 1 | M17: 1 | N17: =SUM(B17:M17)
A18: Broj oblačnih dana | B18: 10 | C18: 7 | D18: 12 | E18: 9 | F18: 10 | G18: 5 | H18: 7 | I18: 7 | J18: 11 | K18: 10 | L18: 9 | M18: 20 | N18: =SUM(B18:M18)
A19: PADAVINE (mm)
A20: Sr. mesečna suma | B20: 14.6 | C20: 25.4 | D20: 56.7 | E20: 79.5 | F20: 107.9 | G20: 65.6 | H20: 91.5 | I20: 123.3 | J20: 95.9 | K20: 66.1 | L20: 48.7 | M20: 71.5 | N20: =SUM(B20:M20)
A21: Max. dnevna suma | B21: 3.4 | C21: 9.5 | D21: 12.5 | E21: 15.4 | F21: 18.8 | G21: 30 | H21: 18.5 | I21: 19.6 | J21: 26.5 | K21: 13.4 | L21: 19.3 | M21: 15.5 | N21: =MAX(B21:M21)
A22: Sr. br. dana >= 0.1 mm | B22: 8 | C22: 9 | D22: 17 | E22: 22 | F22: 20 | G22: 15 | H22: 24 | I22: 28 | J22: 19 | K22: 16 | L22: 12 | M22: 15 | N22: =SUM(B22:M22)
A23: Sr. br. dana >= 10.0 mm | B23: 0 | C23: 0 | D23: 2 | E23: 3 | F23: 4 | G23: 2 | H23: 3 | I23: 4 | J23: 3 | K23: 3 | L23: 1 | M23: 2 | N23: =SUM(B23:M23)
A24: POJAVE (broj dana sa....)
A25: snegom | B25: 10 | C25: 5 | D25: 6 | E25: 4 | F25: 0 | G25: 0 | H25: 0 | I25: 0 | J25: 0 | K25: 0 | L25: 5 | M25: 11 | N25: =SUM(B25:M25)
A26: snežnim pokrivačem | B26: 10 | C26: 5 | D26: 6 | E26: 4 | F26: 0 | G26: 0 | H26: 0 | I26: 0 | J26: 0 | K26: 0 | L26: 5 | M26: 11 | N26: =SUM(B26:M26)
A27: maglom | B27: 0 | C27: 0 | D27: 0 | E27: 0 | F27: 0 | G27: 0 | H27: 0 | I27: 0 | J27: 0 | K27: 0 | L27: 0 | M27: 0 | N27: =SUM(B27:M27)
A28: gradom | B28: 0 | C28: 0 | D28: 0 | E28: 0 | F28: 0 | G28: 0 | H28: 0 | I28: 0 | J28: 0 | K28: 0 | L28: 0 | M28: 0 | N28: =SUM(B28:M28)

Sheet 2003
A1: PROSEČNE MESEČNE, GODIŠNJE I EKSTREMNE VREDNOSTI ZA 2003. GODINU
A2: KRUŠEVAC φ 43.58°N λ 21.32°E h 166 m
A4: METEOROLOŠKI PARAMETAR | B4: jan | C4: feb | D4: mar | E4: apr | F4: maj | G4: jun | H4: jul | I4: avg | J4: sep | K4: okt | L4: nov | M4: dec | N4: god.
A5: TEMPERATURA VAZDUHA (°C)
A6: Normalna vrednost | B6: -0.5 | C6: -2.4 | D6: 5.1 | E6: 10.1 | F6: 19.9 | G6: 23.7 | H6: 23 | I6: 25.3 | J6: 16.8 | K6: 10.8 | L6: 8 | M6: 1.2 | N6: =AVERAGE(B6:M6)
A7: Srednja maksimalna | B7: 4 | C7: 1.2 | D7: 10.9 | E7: 15.3 | F7: 25.7 | G7: 28.9 | H7: 27.9 | I7: 31.2 | J7: 21.6 | K7: 15.5 | L7: 13 | M7: 5.5 | N7: =AVERAGE(B7:M7)
A8: Srednja minimalna | B8: -4.4 | C8: -5.8 | D8: -0.5 | E8: 4.6 | F8: 13.5 | G8: 17.8 | H8: 17.2 | I8: 18.6 | J8: 11.7 | K8: 6.7 | L8: 4.1 | M8: -2.3 | N8: =AVERAGE(B8:M8)
A9: Apsolutni maksimum | B9: 11.8 | C9: 11.4 | D9: 21 | E9: 28.2 | F9: 31.7 | G9: 33.2 | H9: 35 | I9: 36.1 | J9: 28.6 | K9: 28.5 | L9: 21.8 | M9: 12 | N9: =MAX(B9:M9)
A10: Apsolutni minimum | B10: -23.1 | C10: -12.9 | D10: -4.9 | E10: -3.1 | F10: 11 | G10: 12.7 | H10: 12.4 | I10: 16.3 | J10: 8.2 | K10: -1.7 | L10: -1.5 | M10: -12.7 | N10: =MIN(B10:M10)
A11: Sr. br. mraznih dana | B11: 28 | C11: 28 | D11: 19 | E11: 6 | F11: 0 | G11: 0 | H11: 0 | I11: 0 | J11: 0 | K11: 1 | L11: 2 | M11: 25 | N11: =SUM(B11:M11)
A12: Sr. br. tropskih dana | B12: 0 | C12: 0 | D12: 0 | E12: 0 | F12: 8 | G12: 11 | H12: 10 | I12: 18 | J12: 0 | K12: 0 | L12: 0 | M12: 0 | N12: =SUM(B12:M12)
A13: RELATIVNA VLAGA (%)
A14: Prosek | B14: 84.7 | C14: 74.1 | D14: 69.7 | E14: 68.5 | F14: 66.5 | G14: 63.8 | H14: 64.7 | I14: 52.3 | J14: 69.9 | K14: 78.4 | L14: 83.5 | M14: 82.4 | N14: =AVERAGE(B14:M14)
A15: TRAJANJE SIJANJA SUNCA (h)
A16: Prosek | B16: 149.9 | C16: 194.2 | D16: 314.8 | E16: 306.3 | F16: 355.9 | G16: 406.3 | H16: 409 | I16: 395.8 | J16: 235 | K16: 195.8 | L16: 207.5 | M16: 186.2 | N16: =SUM(B16:M16)
A17: Broj vedrih dana | B17: 1 | C17: 5 | D17: 5 | E17: 1 | F17: 7 | G17: 9 | H17: 9 | I17: 18 | J17: 9 | K17: 1 | L17: 4 | M17: 7 | N17: =SUM(B17:M17)
A18: Broj oblačnih dana | B18: 18 | C18: 14 | D18: 3 | E18: 9 | F18: 6 | G18: 1 | H18: 1 | I18: 1 | J18: 8 | K18: 14 | L18: 8 | M18: 12 | N18: =SUM(B18:M18)
A19: PADAVINE (mm)
A20: Sr. mesečna suma | B20: 70.1 | C20: 26.3 | D20: 20.4 | E20: 64.9 | F20: 100.2 | G20: 42 | H20: 50.5 | I20: 15.7 | J20: 61.7 | K20: 108.1 | L20: 29.2 | M20: 58.4 | N20: =SUM(B20:M20)
A21: Max. dnevna suma | B21: 7.9 | C21: 6.7 | D21: 6.3 | E21: 20.4 | F21: 17.5 | G21: 9.3 | H21: 22.4 | I21: 8.6 | J21: 23.4 | K21: 17.8 | L21: 6.6 | M21: 16.3 | N21: =MAX(B21:M21)
A22: Sr. br. dana >= 0.1 mm | B22: 21 | C22: 12 | D22: 12 | E22: 21 | F22: 17 | G22: 16 | H22: 15 | I22: 13 | J22: 16 | K22: 19 | L22: 13 | M22: 12 | N22: =SUM(B22:M22)
A23: Sr. br. dana >= 10.0 mm | B23: 0 | C23: 0 | D23: 0 | E23: 2 | F23: 4 | G23: 0 | H23: 1 | I23: 0 | J23: 1 | K23: 4 | L23: 0 | M23: 2 | N23: =SUM(B23:M23)
A24: POJAVE (broj dana sa....)
A25: snegom | B25: 16 | C25: 14 | D25: 8 | E25: 3 | F25: 0 | G25: 0 | H25: 0 | I25: 0 | J25: 0 | K25: 3 | L25: 0 | M25: 10 | N25: =SUM(B25:M25)
A26: snežnim pokrivačem | B26: 16 | C26: 14 | D26: 8 | E26: 3 | F26: 0 | G26: 0 | H26: 0 | I26: 0 | J26: 0 | K26: 3 | L26: 0 | M26: 10 | N26: =SUM(B26:M26)
A27: maglom | B27: 0 | C27: 0 | D27: 0 | E27: 0 | F27: 0 | G27: 0 | H27: 0 | I27: 0 | J27: 0 | K27: 0 | L27: 0 | M27: 0 | N27: =SUM(B27:M27)
A28: gradom | B28: 0 | C28: 0 | D28: 0 | E28: 0 | F28: 0 | G28: 0 | H28: 0 | I28: 0 | J28: 0 | K28: 0 | L28: 0 | M28: 0 | N28: =SUM(B28:M28)

Sheet 2004
A1: PROSEČNE MESEČNE, GODIŠNJE I EKSTREMNE VREDNOSTI ZA 2004. GODINU
A2: KRUŠEVAC φ 43.58°N λ 21.32°E h 166 m
A4: METEOROLOŠKI PARAMETAR | B4: jan | C4: feb | D4: mar | E4: apr | F4: maj | G4: jun | H4: jul | I4: avg | J4: sep | K4: okt | L4: nov | M4: dec | N4: god.
A5: TEMPERATURA VAZDUHA (°C)
A6: Normalna vrednost | B6: -1.3 | C6: 3 | D6: 6.5 | E6: 12.4 | F6: 14.6 | G6: 19.7 | H6: 22.3 | I6: 21.7 | J6: 16.9 | K6: 13.9 | L6: 6 | M6: 2.4 | N6: =AVERAGE(B6:M6)
A7: Srednja maksimalna | B7: 2.2 | C7: 8.1 | D7: 12.1 | E7: 18 | F7: 19.8 | G7: 24.2 | H7: 27.1 | I7: 26.8 | J7: 22 | K7: 19.6 | L7: 10.8 | M7: 6.2 | N7: =AVERAGE(B7:M7)
A8: Srednja minimalna | B8: -4.4 | C8: -1.2 | D8: 1.2 | E8: 6.9 | F8: 8.7 | G8: 14.4 | H8: 16.9 | I8: 15.8 | J8: 11.9 | K8: 8.8 | L8: 2.4 | M8: -0.3 | N8: =AVERAGE(B8:M8)
A9: Apsolutni maksimum | B9: 13.3 | C9: 19.2 | D9: 23.1 | E9: 24.6 | F9: 26.4 | G9: 30.2 | H9: 36.4 | I9: 33.9 | J9: 30.2 | K9: 25.8 | L9: 24.6 | M9: 16.6 | N9: =MAX(B9:M9)
A10: Apsolutni minimum | B10: -13.6 | C10: -9.5 | D10: -5 | E10: 1.9 | F10: 4.4 | G10: 11.4 | H10: 13.1 | I10: 12.6 | J10: 6.8 | K10: 3.4 | L10: -2.5 | M10: -6.2 | N10: =MIN(B10:M10)
A11: Sr. br. mraznih dana | B11: 24 | C11: 18 | D11: 12 | E11: 0 | F11: 0 | G11: 0 | H11: 0 | I11: 0 | J11: 0 | K11: 0 | L11: 10 | M11: 18 | N11: =SUM(B11:M11)
A12: Sr. br. tropskih dana | B12: 0 | C12: 0 | D12: 0 | E12: 0 | F12: 0 | G12: 2 | H12: 12 | I12: 6 | J12: 1 | K12: 0 | L12: 0 | M12: 0 | N12: =SUM(B12:M12)
A13: RELATIVNA VLAGA (%)
A14: Prosek | B14: 82 | C14: 74.1 | D14: 71.7 | E14: 73.5 | F14: 71.4 | G14: 74 | H14: 67.5 | I14: 70.3 | J14: 69.6 | K14: 81.1 | L14: 81.2 | M14: 84.4 | N14: =AVERAGE(B14:M14)
A15: TRAJANJE SIJANJA SUNCA (h)
A16: Prosek | B16: 144.6 | C16: 209.6 | D16: 282.1 | E16: 313.4 | F16: 348.9 | G16: 349.8 | H16: 370 | I16: 377.4 | J16: 285.2 | K16: 245.8 | L16: 180.5 | M16: 183.3 | N16: =SUM(B16:M16)
A17: Broj vedrih dana | B17: 0 | C17: 4 | D17: 5 | E17: 2 | F17: 3 | G17: 2 | H17: 14 | I17: 10 | J17: 10 | K17: 6 | L17: 3 | M17: 5 | N17: =SUM(B17:M17)
A18: Broj oblačnih dana | B18: 21 | C18: 7 | D18: 9 | E18: 13 | F18: 8 | G18: 8 | H18: 6 | I18: 1 | J18: 7 | K18: 6 | L18: 9 | M18: 13 | N18: =SUM(B18:M18)
A19: PADAVINE (mm)
A20: Sr. mesečna suma | B20: 77.5 | C20: 66.3 | D20: 47.9 | E20: 70.7 | F20: 74.7 | G20: 123.3 | H20: 90.1 | I20: 46 | J20: 58.9 | K20: 37.1 | L20: 104.3 | M20: 43.2 | N20: =SUM(B20:M20)
A21: Max. dnevna suma | B21: 16.8 | C21: 10.1 | D21: 11 | E21: 14.7 | F21: 12.1 | G21: 20.8 | H21: 32.4 | I21: 13.8 | J21: 21.1 | K21: 6.4 | L21: 29.7 | M21: 7.7 | N21: =MAX(B21:M21)
A22: Sr. br. dana >= 0.1 mm | B22: 22 | C22: 19 | D22: 10 | E22: 20 | F22: 23 | G22: 23 | H22: 19 | I22: 16 | J22: 12 | K22: 12 | L22: 16 | M22: 14 | N22: =SUM(B22:M22)
A23: Sr. br. dana >= 10.0 mm | B23: 1 | C23: 1 | D23: 1 | E23: 2 | F23: 1 | G23: 5 | H23: 3 | I23: 1 | J23: 2 | K23: 0 | L23: 3 | M23: 0 | N23: =SUM(B23:M23)
A24: POJAVE (broj dana sa....)
A25: snegom | B25: 20 | C25: 10 | D25: 11 | E25: 1 | F25: 0 | G25: 0 | H25: 0 | I25: 0 | J25: 0 | K25: 0 | L25: 10 | M25: 8 | N25: =SUM(B25:M25)
A26: snežnim pokrivačem | B26: 20 | C26: 10 | D26: 11 | E26: 1 | F26: 0 | G26: 0 | H26: 0 | I26: 0 | J26: 0 | K26: 0 | L26: 10 | M26: 8 | N26: =SUM(B26:M26)
A27: maglom | B27: 0 | C27: 0 | D27: 0 | E27: 0 | F27: 0 | G27: 0 | H27: 0 | I27: 0 | J27: 0 | K27: 0 | L27: 0 | M27: 0 | N27: =SUM(B27:M27)
A28: gradom | B28: 0 | C28: 0 | D28: 0 | E28: 0 | F28: 0 | G28: 0 | H28: 0 | I28: 0 | J28: 0 | K28: 0 | L28: 0 | M28: 0 | N28: =SUM(B28:M28)

Sheet 2005
A1: PROSEČNE MESEČNE, GODIŠNJE I EKSTREMNE VREDNOSTI ZA 2005. GODINU
A2: KRUŠEVAC φ 43.58°N λ 21.32°E h 166 m
A4: METEOROLOŠKI PARAMETAR | B4: jan | C4: feb | D4: mar | E4: apr | F4: maj | G4: jun | H4: jul | I4: avg | J4: sep | K4: okt | L4: nov | M4: dec | N4: god.
A5: TEMPERATURA VAZDUHA (°C)
A6: Normalna vrednost | B6: 0.6 | C6: -3 | D6: 4.3 | E6: 11.1 | F6: 16.7 | G6: 19 | H6: 21.9 | I6: 20.5 | J6: 17.9 | K6: 11.5 | L6: 4.5 | M6: 2.6 | N6: =AVERAGE(B6:M6)
A7: Srednja maksimalna | B7: 4.8 | C7: 2 | D7: 10.1 | E7: 16.9 | F7: 21.7 | G7: 23.6 | H7: 27 | I7: 25.2 | J7: 22.2 | K7: 16.1 | L7: 9.1 | M7: 6.1 | N7: =AVERAGE(B7:M7)
A8: Srednja minimalna | B8: -2.5 | C8: -8.3 | D8: -1.4 | E8: 5.1 | F8: 11.3 | G8: 13.1 | H8: 16.4 | I8: 15.6 | J8: 13.9 | K8: 7.4 | L8: 0.6 | M8: -0.5 | N8: =AVERAGE(B8:M8)
A9: Apsolutni maksimum | B9: 13.5 | C9: 10.2 | D9: 20.7 | E9: 22.7 | F9: 28.1 | G9: 31.7 | H9: 35.8 | I9: 35.2 | J9: 28.9 | K9: 22.3 | L9: 15.1 | M9: 13 | N9: =MAX(B9:M9)
A10: Apsolutni minimum | B10: -9.2 | C10: -23.6 | D10: -11.8 | E10: -0.8 | F10: 4.2 | G10: 7.3 | H10: 12.1 | I10: 9.7 | J10: 11.1 | K10: -1.8 | L10: -4.2 | M10: -8.7 | N10: =MIN(B10:M10)
A11: Sr. br. mraznih dana | B11: 25 | C11: 25 | D11: 18 | E11: 2 | F11: 0 | G11: 0 | H11: 0 | I11: 0 | J11: 0 | K11: 2 | L11: 15 | M11: 19 | N11: =SUM(B11:M11)
A12: Sr. br. tropskih dana | B12: 0 | C12: 0 | D12: 0 | E12: 0 | F12: 0 | G12: 2 | H12: 8 | I12: 3 | J12: 0 | K12: 0 | L12: 0 | M12: 0 | N12: =SUM(B12:M12)
A13: RELATIVNA VLAGA (%)
A14: Prosek | B14: 81.5 | C14: 82.6 | D14: 74.4 | E14: 69.9 | F14: 75.9 | G14: 71.7 | H14: 73.9 | I14: 77.3 | J14: 79 | K14: 79.2 | L14: 83.4 | M14: 83.7 | N14: =AVERAGE(B14:M14)
A15: TRAJANJE SIJANJA SUNCA (h)
A16: Prosek | B16: 188.6 | C16: 163 | D16: 280.8 | E16: 306.6 | F16: 310.8 | G16: 364.7 | H16: 360.8 | I16: 329.5 | J16: 242.8 | K16: 261.2 | L16: 197.1 | M16: 138.1 | N16: =SUM(B16:M16)
A17: Broj vedrih dana | B17: 6 | C17: 5 | D17: 6 | E17: 5 | F17: 2 | G17: 6 | H17: 9 | I17: 4 | J17: 2 | K17: 5 | L17: 2 | M17: 0 | N17: =SUM(B17:M17)
A18: Broj oblačnih dana | B18: 14 | C18: 16 | D18: 11 | E18: 8 | F18: 7 | G18: 4 | H18: 4 | I18: 8 | J18: 11 | K18: 5 | L18: 11 | M18: 15 | N18: =SUM(B18:M18)
A19: PADAVINE (mm)
A20: Sr. mesečna suma | B20: 54.8 | C20: 61.9 | D20: 70.1 | E20: 67.6 | F20: 110.2 | G20: 80.7 | H20: 95.9 | I20: 128.2 | J20: 74.5 | K20: 50.2 | L20: 47.7 | M20: 84.9 | N20: =SUM(B20:M20)
A21: Max. dnevna suma | B21: 9.2 | C21: 14.1 | D21: 13.7 | E21: 12.9 | F21: 17.1 | G21: 24.7 | H21: 19.4 | I21: 36.1 | J21: 16 | K21: 27.7 | L21: 9.2 | M21: 18 | N21: =MAX(B21:M21)
A22: Sr. br. dana >= 0.1 mm | B22: 18 | C22: 13 | D22: 17 | E22: 16 | F22: 21 | G22: 20 | H22: 21 | I22: 24 | J22: 22 | K22: 14 | L22: 16 | M22: 21 | N22: =SUM(B22:M22)
A23: Sr. br. dana >= 10.0 mm | B23: 0 | C23: 2 | D23: 2 | E23: 2 | F23: 3 | G23: 2 | H23: 4 | I23: 3 | J23: 3 | K23: 1 | L23: 0 | M23: 2 | N23: =SUM(B23:M23)
A24: POJAVE (broj dana sa....)
A25: snegom | B25: 19 | C25: 15 | D25: 9 | E25: 0 | F25: 0 | G25: 0 | H25: 0 | I25: 0 | J25: 0 | K25: 0 | L25: 8 | M25: 13 | N25: =SUM(B25:M25)
A26: snežnim pokrivačem | B26: 19 | C26: 15 | D26: 9 | E26: 0 | F26: 0 | G26: 0 | H26: 0 | I26: 0 | J26: 0 | K26: 0 | L26: 8 | M26: 13 | N26: =SUM(B26:M26)
A27: maglom | B27: 0 | C27: 0 | D27: 0 | E27: 0 | F27: 0 | G27: 0 | H27: 0 | I27: 0 | J27: 0 | K27: 0 | L27: 0 | M27: 0 | N27: =SUM(B27:M27)
A28: gradom | B28: 0 | C28: 0 | D28: 0 | E28: 0 | F28: 0 | G28: 0 | H28: 0 | I28: 0 | J28: 0 | K28: 0 | L28: 0 | M28: 0 | N28: =SUM(B28:M28)

Sheet 2006
A1: PROSEČNE MESEČNE, GODIŠNJE I EKSTREMNE VREDNOSTI ZA 2006. GODINU
A2: KRUŠEVAC φ 43.58°N λ 21.32°E h 166 m
A4: METEOROLOŠKI PARAMETAR | B4: jan | C4: feb | D4: mar | E4: apr | F4: maj | G4: jun | H4: jul | I4: avg | J4: sep | K4: okt | L4: nov | M4: dec | N4: god.
A5: TEMPERATURA VAZDUHA (°C)
A6: Normalna vrednost | B6: -1.3 | C6: 0.3 | D6: 4.3 | E6: 12.2 | F6: 16.2 | G6: 19.4 | H6: 23.2 | I6: 21.4 | J6: 18.1 | K6: 13.5 | L6: 6.5 | M6: 2.2 | N6: =AVERAGE(B6:M6)
A7: Srednja maksimalna | B7: 2.7 | C7: 5.3 | D7: 10.3 | E7: 17.1 | F7: 21.7 | G7: 24.2 | H7: 27.8 | I7: 26.5 | J7: 23 | K7: 19 | L7: 12.1 | M7: 6.6 | N7: =AVERAGE(B7:M7)
A8: Srednja minimalna | B8: -4.7 | C8: -4.1 | D8: -1.4 | E8: 7.1 | F8: 10 | G8: 13.9 | H8: 18 | I8: 16 | J8: 13.1 | K8: 8.3 | L8: 1.9 | M8: -1 | N8: =AVERAGE(B8:M8)
A9: Apsolutni maksimum | B9: 9.6 | C9: 16.1 | D9: 23.1 | E9: 22.6 | F9: 30.7 | G9: 33 | H9: 33.3 | I9: 35.8 | J9: 29.4 | K9: 27.6 | L9: 17.5 | M9: 13.7 | N9: =MAX(B9:M9)
A10: Apsolutni minimum | B10: -18.1 | C10: -12.4 | D10: -16.6 | E10: -0.4 | F10: 5.5 | G10: 8.5 | H10: 12.7 | I10: 9 | J10: 9.5 | K10: -0.3 | L10: -2.3 | M10: -4.4 | N10: =MIN(B10:M10)
A11: Sr. br. mraznih dana | B11: 26 | C11: 22 | D11: 20 | E11: 1 | F11: 0 | G11: 0 | H11: 0 | I11: 0 | J11: 0 | K11: 1 | L11: 5 | M11: 23 | N11: =SUM(B11:M11)
A12: Sr. br. tropskih dana | B12: 0 | C12: 0 | D12: 0 | E12: 0 | F12: 2 | G12: 7 | H12: 11 | I12: 8 | J12: 0 | K12: 0 | L12: 0 | M12: 0 | N12: =SUM(B12:M12)
A13: RELATIVNA VLAGA (%)
A14: Prosek | B14: 74.8 | C14: 81.4 | D14: 79.5 | E14: 76.2 | F14: 71.5 | G14: 76.6 | H14: 65 | I14: 70.9 | J14: 72.5 | K14: 76.4 | L14: 79.3 | M14: 85.8 | N14: =AVERAGE(B14:M14)
A15: TRAJANJE SIJANJA SUNCA (h)
A16: Prosek | B16: 197.9 | C16: 168.9 | D16: 238.4 | E16: 271.9 | F16: 371.3 | G16: 351.2 | H16: 418 | I16: 351.8 | J16: 299.9 | K16: 284.9 | L16: 228.6 | M16: 170.8 | N16: =SUM(B16:M16)
A17: Broj vedrih dana | B17: 6 | C17: 2 | D17: 3 | E17: 3 | F17: 3 | G17: 3 | H17: 11 | I17: 7 | J17: 9 | K17: 9 | L17: 7 | M17: 7 | N17: =SUM(B17:M17)
A18: Broj oblačnih dana | B18: 12 | C18: 15 | D18: 12 | E18: 17 | F18: 4 | G18: 7 | H18: 3 | I18: 4 | J18: 8 | K18: 4 | L18: 6 | M18: 11 | N18: =SUM(B18:M18)
A19: PADAVINE (mm)
A20: Sr. mesečna suma | B20: 38.8 | C20: 61.6 | D20: 122.7 | E20: 119.2 | F20: 70.2 | G20: 128.9 | H20: 24.7 | I20: 124.3 | J20: 41.9 | K20: 38.9 | L20: 39.1 | M20: 50 | N20: =SUM(B20:M20)
A21: Max. dnevna suma | B21: 9.9 | C21: 11.6 | D21: 31.8 | E21: 36.6 | F21: 19.4 | G21: 26.1 | H21: 5.4 | I21: 19.9 | J21: 13.3 | K21: 15.4 | L21: 9.2 | M21: 12.5 | N21: =MAX(B21:M21)
A22: Sr. br. dana >= 0.1 mm | B22: 9 | C22: 18 | D22: 20 | E22: 22 | F22: 19 | G22: 24 | H22: 19 | I22: 18 | J22: 14 | K22: 6 | L22: 11 | M22: 11 | N22: =SUM(B22:M22)
A23: Sr. br. dana >= 10.0 mm | B23: 0 | C23: 2 | D23: 3 | E23: 3 | F23: 2 | G23: 5 | H23: 0 | I23: 6 | J23: 1 | K23: 2 | L23: 0 | M23: 2 | N23: =SUM(B23:M23)
A24: POJAVE (broj dana sa....)
A25: snegom | B25: 9 | C25: 13 | D25: 13 | E25: 1 | F25: 0 | G25: 0 | H25: 0 | I25: 0 | J25: 0 | K25: 0 | L25: 6 | M25: 11 | N25: =SUM(B25:M25)
A26: snežnim pokrivačem | B26: 9 | C26: 13 | D26: 13 | E26: 1 | F26: 0 | G26: 0 | H26: 0 | I26: 0 | J26: 0 | K26: 0 | L26: 6 | M26: 11 | N26: =SUM(B26:M26)
A27: maglom | B27: 0 | C27: 0 | D27: 0 | E27: 0 | F27: 0 | G27: 0 | H27: 0 | I27: 0 | J27: 0 | K27: 0 | L27: 0 | M27: 0 | N27: =SUM(B27:M27)
A28: gradom | B28: 0 | C28: 0 | D28: 0 | E28: 0 | F28: 0 | G28: 0 | H28: 0 | I28: 0 | J28: 0 | K28: 0 | L28: 0 | M28: 0 | N28: =SUM(B28:M28)

Sheet 2007
A1: PROSEČNE MESEČNE, GODIŠNJE I EKSTREMNE VREDNOSTI ZA 2007. GODINU
A2: KRUŠEVAC φ 43.58°N λ 21.32°E h 166 m
A4: METEOROLOŠKI PARAMETAR | B4: jan | C4: feb | D4: mar | E4: apr | F4: maj | G4: jun | H4: jul | I4: avg | J4: sep | K4: okt | L4: nov | M4: dec | N4: god.
A5: TEMPERATURA VAZDUHA (°C)
A6: Normalna vrednost | B6: 4.3 | C6: 5.1 | D6: 8.5 | E6: 13.1 | F6: 18 | G6: 22.3 | H6: 25.3 | I6: 23.6 | J6: 16.2 | K6: 11.3 | L6: 3.4 | M6: -0.6 | N6: =AVERAGE(B6:M6)
A7: Srednja maksimalna | B7: 9.8 | C7: 10.3 | D7: 14.1 | E7: 18.9 | F7: 23.2 | G7: 27.6 | H7: 31.2 | I7: 29.3 | J7: 21.2 | K7: 15.2 | L7: 7.4 | M7: 3.3 | N7: =AVERAGE(B7:M7)
A8: Srednja minimalna | B8: 0.1 | C8: 0.8 | D8: 3.4 | E8: 6.5 | F8: 12.5 | G8: 16.1 | H8: 18 | I8: 17.4 | J8: 11.3 | K8: 7.7 | L8: -0.1 | M8: -3.8 | N8: =AVERAGE(B8:M8)
A9: Apsolutni maksimum | B9: 16.8 | C9: 16.9 | D9: 18.7 | E9: 23.5 | F9: 30.7 | G9: 37.4 | H9: 41.1 | I9: 37.7 | J9: 30 | K9: 25.3 | L9: 14.4 | M9: 11.7 | N9: =MAX(B9:M9)
A10: Apsolutni minimum | B10: -3.5 | C10: -3.4 | D10: 0.4 | E10: 1.5 | F10: 6.6 | G10: 9.8 | H10: 12.8 | I10: 13 | J10: 7.3 | K10: 0.2 | L10: -5.7 | M10: -11.9 | N10: =MIN(B10:M10)
A11: Sr. br. mraznih dana | B11: 21 | C11: 12 | D11: 0 | E11: 0 | F11: 0 | G11: 0 | H11: 0 | I11: 0 | J11: 0 | K11: 0 | L11: 14 | M11: 24 | N11: =SUM(B11:M11)
A12: Sr. br. tropskih dana | B12: 0 | C12: 0 | D12: 0 | E12: 0 | F12: 2 | G12: 5 | H12: 20 | I12: 13 | J12: 1 | K12: 0 | L12: 0 | M12: 0 | N12: =SUM(B12:M12)
A13: RELATIVNA VLAGA (%)
A14: Prosek | B14: 80.4 | C14: 79.1 | D14: 72.6 | E14: 58.7 | F14: 73.1 | G14: 69.1 | H14: 48.8 | I14: 63.6 | J14: 69.1 | K14: 82.4 | L14: 82.9 | M14: 84.9 | N14: =AVERAGE(B14:M14)
A15: TRAJANJE SIJANJA SUNCA (h)
A16: Prosek | B16: 217 | C16: 208.8 | D16: 287.6 | E16: 371.4 | F16: 318.7 | G16: 400.2 | H16: 437.3 | I16: 364.7 | J16: 256.4 | K16: 157.5 | L16: 169 | M16: 184.5 | N16: =SUM(B16:M16)
A17: Broj vedrih dana | B17: 5 | C17: 0 | D17: 2 | E17: 18 | F17: 3 | G17: 6 | H17: 21 | I17: 13 | J17: 6 | K17: 3 | L17: 4 | M17: 0 | N17: =SUM(B17:M17)
A18: Broj oblačnih dana | B18: 9 | C18: 6 | D18: 12 | E18: 1 | F18: 12 | G18: 4 | H18: 1 | I18: 3 | J18: 9 | K18: 19 | L18: 13 | M18: 18 | N18: =SUM(B18:M18)
A19: PADAVINE (mm)
A20: Sr. mesečna suma | B20: 37.8 | C20: 55.4 | D20: 60.1 | E20: 6.2 | F20: 154.6 | G20: 68.9 | H20: 9.3 | I20: 65.7 | J20: 64.8 | K20: 130.7 | L20: 131.9 | M20: 37.1 | N20: =SUM(B20:M20)
A21: Max. dnevna suma | B21: 10.4 | C21: 9.7 | D21: 28.9 | E21: 2.9 | F21: 27.7 | G21: 23.1 | H21: 7.5 | I21: 19 | J21: 15.2 | K21: 22.1 | L21: 45.4 | M21: 13.1 | N21: =MAX(B21:M21)
A22: Sr. br. dana >= 0.1 mm | B22: 12 | C22: 18 | D22: 15 | E22: 7 | F22: 23 | G22: 17 | H22: 3 | I22: 13 | J22: 17 | K22: 18 | L22: 19 | M22: 13 | N22: =SUM(B22:M22)
A23: Sr. br. dana >= 10.0 mm | B23: 1 | C23: 0 | D23: 1 | E23: 0 | F23: 5 | G23: 3 | H23: 0 | I23: 1 | J23: 3 | K23: 7 | L23: 3 | M23: 1 | N23: =SUM(B23:M23)
A24: POJAVE (broj dana sa....)
A25: snegom | B25: 6 | C25: 8 | D25: 4 | E25: 0 | F25: 0 | G25: 0 | H25: 0 | I25: 0 | J25: 0 | K25: 3 | L25: 11 | M25: 8 | N25: =SUM(B25:M25)
A26: snežnim pokrivačem | B26: 6 | C26: 8 | D26: 4 | E26: 0 | F26: 0 | G26: 0 | H26: 0 | I26: 0 | J26: 0 | K26: 3 | L26: 11 | M26: 8 | N26: =SUM(B26:M26)
A27: maglom | B27: 0 | C27: 0 | D27: 0 | E27: 0 | F27: 0 | G27: 0 | H27: 0 | I27: 0 | J27: 0 | K27: 0 | L27: 0 | M27: 0 | N27: =SUM(B27:M27)
A28: gradom | B28: 0 | C28: 0 | D28: 0 | E28: 0 | F28: 0 | G28: 0 | H28: 0 | I28: 0 | J28: 0 | K28: 0 | L28: 0 | M28: 0 | N28: =SUM(B28:M28)

Sheet 2008
A1: PROSEČNE MESEČNE, GODIŠNJE I EKSTREMNE VREDNOSTI ZA 2008. GODINU
A2: KRUŠEVAC φ 43.58°N λ 21.32°E h 166 m
A4: METEOROLOŠKI PARAMETAR | B4: jan | C4: feb | D4: mar | E4: apr | F4: maj | G4: jun | H4: jul | I4: avg | J4: sep | K4: okt | L4: nov | M4: dec | N4: god.
A5: TEMPERATURA VAZDUHA (°C)
A6: Normalna vrednost | B6: 0.5 | C6: 4 | D6: 7.7 | E6: 12.3 | F6: 17.5 | G6: 21.6 | H6: 22.4 | I6: 23.7 | J6: 16.2 | K6: 13.1 | L6: 7.5 | M6: 3.3 | N6: =AVERAGE(B6:M6)
A7: Srednja maksimalna | B7: 5.6 | C7: 9.6 | D7: 13.6 | E7: 17.8 | F7: 22.8 | G7: 26.7 | H7: 27.5 | I7: 29.3 | J7: 20.8 | K7: 19 | L7: 12.6 | M7: 6 | N7: =AVERAGE(B7:M7)
A8: Srednja minimalna | B8: -3.4 | C8: -0.5 | D8: 1.9 | E8: 6.5 | F8: 10.9 | G8: 15.8 | H8: 16.5 | I8: 17.5 | J8: 11.6 | K8: 7.7 | L8: 3.4 | M8: 0.6 | N8: =AVERAGE(B8:M8)
A9: Apsolutni maksimum | B9: 15.3 | C9: 19.1 | D9: 20.3 | E9: 25.7 | F9: 33.5 | G9: 33 | H9: 37.1 | I9: 36.4 | J9: 34.8 | K9: 23.3 | L9: 24 | M9: 15.2 | N9: =MAX(B9:M9)
A10: Apsolutni minimum | B10: -16.6 | C10: -7.2 | D10: -2.6 | E10: 0.7 | F10: 5.8 | G10: 12.5 | H10: 12.9 | I10: 12.5 | J10: 4.4 | K10: 3.5 | L10: -7.4 | M10: -8.8 | N10: =MIN(B10:M10)
A11: Sr. br. mraznih dana | B11: 24 | C11: 16 | D11: 5 | E11: 0 | F11: 0 | G11: 0 | H11: 0 | I11: 0 | J11: 0 | K11: 0 | L11: 8 | M11: 10 | N11: =SUM(B11:M11)
A12: Sr. br. tropskih dana | B12: 0 | C12: 0 | D12: 0 | E12: 0 | F12: 2 | G12: 8 | H12: 9 | I12: 15 | J12: 6 | K12: 0 | L12: 0 | M12: 0 | N12: =SUM(B12:M12)
A13: RELATIVNA VLAGA (%)
A14: Prosek | B14: 80.8 | C14: 73.3 | D14: 71.7 | E14: 73.9 | F14: 68.5 | G14: 69.1 | H14: 64.4 | I14: 59.1 | J14: 71.4 | K14: 78.8 | L14: 79.3 | M14: 83.3 | N14: =AVERAGE(B14:M14)
A15: TRAJANJE SIJANJA SUNCA (h)
A16: Prosek | B16: 218 | C16: 237 | D16: 281.4 | E16: 318 | F16: 391.6 | G16: 396.1 | H16: 398.3 | I16: 401.3 | J16: 238.5 | K16: 282 | L16: 227.9 | M16: 149.5 | N16: =SUM(B16:M16)
A17: Broj vedrih dana | B17: 5 | C17: 7 | D17: 4 | E17: 1 | F17: 4 | G17: 6 | H17: 13 | I17: 19 | J17: 8 | K17: 9 | L17: 3 | M17: 1 | N17: =SUM(B17:M17)
A18: Broj oblačnih dana | B18: 11 | C18: 5 | D18: 8 | E18: 6 | F18: 3 | G18: 7 | H18: 2 | I18: 0 | J18: 12 | K18: 4 | L18: 8 | M18: 18 | N18: =SUM(B18:M18)
A19: PADAVINE (mm)
A20: Sr. mesečna suma | B20: 37.9 | C20: 20.6 | D20: 73.3 | E20: 68.5 | F20: 43.9 | G20: 67.7 | H20: 67.9 | I20: 30.8 | J20: 94 | K20: 30.2 | L20: 31 | M20: 94.8 | N20: =SUM(B20:M20)
A21: Max. dnevna suma | B21: 7.8 | C21: 8.9 | D21: 22.7 | E21: 15.7 | F21: 14.2 | G21: 10.1 | H21: 11.4 | I21: 21.3 | J21: 25.7 | K21: 10.6 | L21: 17 | M21: 24.3 | N21: =MAX(B21:M21)
A22: Sr. br. dana >= 0.1 mm | B22: 13 | C22: 8 | D22: 18 | E22: 24 | F22: 16 | G22: 20 | H22: 19 | I22: 8 | J22: 18 | K22: 11 | L22: 10 | M22: 18 | N22: =SUM(B22:M22)
A23: Sr. br. dana >= 10.0 mm | B23: 0 | C23: 0 | D23: 2 | E23: 1 | F23: 1 | G23: 2 | H23: 1 | I23: 1 | J23: 4 | K23: 1 | L23: 1 | M23: 1 | N23: =SUM(B23:M23)
A24: POJAVE (broj dana sa....)
A25: snegom | B25: 6 | C25: 7 | D25: 9 | E25: 0 | F25: 0 | G25: 0 | H25: 0 | I25: 0 | J25: 0 | K25: 0 | L25: 3 | M25: 10 | N25: =SUM(B25:M25)
A26: snežnim pokrivačem | B26: 6 | C26: 7 | D26: 9 | E26: 0 | F26: 0 | G26: 0 | H26: 0 | I26: 0 | J26: 0 | K26: 0 | L26: 3 | M26: 10 | N26: =SUM(B26:M26)
A27: maglom | B27: 0 | C27: 0 | D27: 0 | E27: 0 | F27: 0 | G27: 0 | H27: 0 | I27: 0 | J27: 0 | K27: 0 | L27: 0 | M27: 0 | N27: =SUM(B27:M27)
A28: gradom | B28: 0 | C28: 0 | D28: 0 | E28: 0 | F28: 0 | G28: 0 | H28: 0 | I28: 0 | J28: 0 | K28: 0 | L28: 0 | M28: 0 | N28: =SUM(B28:M28)

Sheet 2009
A1: PROSEČNE MESEČNE, GODIŠNJE I EKSTREMNE VREDNOSTI ZA 2009. GODINU
A2: KRUŠEVAC φ 43.58°N λ 21.32°E h 166 m
A4: METEOROLOŠKI PARAMETAR | B4: jan | C4: feb | D4: mar | E4: apr | F4: maj | G4: jun | H4: jul | I4: avg | J4: sep | K4: okt | L4: nov | M4: dec | N4: god.
A5: TEMPERATURA VAZDUHA (°C)
A6: Normalna vrednost | B6: -0.2 | C6: 1.1 | D6: 6.1 | E6: 13.4 | F6: 18.2 | G6: 20.3 | H6: 23 | I6: 23.1 | J6: 19.2 | K6: 11.8 | L6: 7.9 | M6: 2.9 | N6: =AVERAGE(B6:M6)
A7: Srednja maksimalna | B7: 3.8 | C7: 5.6 | D7: 10.9 | E7: 18.8 | F7: 23.5 | G7: 25.4 | H7: 28.2 | I7: 28.1 | J7: 24.3 | K7: 16.6 | L7: 13.6 | M7: 6.5 | N7: =AVERAGE(B7:M7)
A8: Srednja minimalna | B8: -3.3 | C8: -3 | D8: 1.6 | E8: 7.3 | F8: 12.1 | G8: 14.5 | H8: 17 | I8: 17.7 | J8: 13.8 | K8: 7.5 | L8: 3.5 | M8: -0.4 | N8: =AVERAGE(B8:M8)
A9: Apsolutni maksimum | B9: 15.4 | C9: 15.4 | D9: 20.5 | E9: 23.3 | F9: 30.1 | G9: 33.6 | H9: 36 | I9: 34.2 | J9: 33.6 | K9: 26.9 | L9: 18.1 | M9: 16.5 | N9: =MAX(B9:M9)
A10: Apsolutni minimum | B10: -11 | C10: -17.3 | D10: -2.2 | E10: 3 | F10: 5.8 | G10: 9.9 | H10: 13.5 | I10: 14.9 | J10: 10.9 | K10: -0.2 | L10: -1.3 | M10: -21.4 | N10: =MIN(B10:M10)
A11: Sr. br. mraznih dana | B11: 23 | C11: 21 | D11: 11 | E11: 0 | F11: 0 | G11: 0 | H11: 0 | I11: 0 | J11: 0 | K11: 1 | L11: 1 | M11: 13 | N11: =SUM(B11:M11)
A12: Sr. br. tropskih dana | B12: 0 | C12: 0 | D12: 0 | E12: 0 | F12: 1 | G12: 7 | H12: 11 | I12: 10 | J12: 2 | K12: 0 | L12: 0 | M12: 0 | N12: =SUM(B12:M12)
A13: RELATIVNA VLAGA (%)
A14: Prosek | B14: 83.7 | C14: 79.7 | D14: 76 | E14: 68 | F14: 67.3 | G14: 70.2 | H14: 66.1 | I14: 66.5 | J14: 66.5 | K14: 80 | L14: 84.6 | M14: 85.6 | N14: =AVERAGE(B14:M14)
A15: TRAJANJE SIJANJA SUNCA (h)
A16: Prosek | B16: 151.9 | C16: 183 | D16: 222.9 | E16: 328.4 | F16: 372.1 | G16: 357 | H16: 410.2 | I16: 361.1 | J16: 299.3 | K16: 198.3 | L16: 192.1 | M16: 124.7 | N16: =SUM(B16:M16)
A17: Broj vedrih dana | B17: 1 | C17: 0 | D17: 0 | E17: 8 | F17: 6 | G17: 4 | H17: 15 | I17: 14 | J17: 8 | K17: 5 | L17: 7 | M17: 0 | N17: =SUM(B17:M17)
A18: Broj oblačnih dana | B18: 16 | C18: 16 | D18: 13 | E18: 9 | F18: 3 | G18: 9 | H18: 1 | I18: 4 | J18: 6 | K18: 14 | L18: 9 | M18: 21 | N18: =SUM(B18:M18)
A19: PADAVINE (mm)
A20: Sr. mesečna suma | B20: 69.6 | C20: 72.8 | D20: 115.3 | E20: 57.8 | F20: 39.4 | G20: 120.5 | H20: 46 | I20: 58.5 | J20: 32.3 | K20: 121.6 | L20: 76.8 | M20: 117.7 | N20: =SUM(B20:M20)
A21: Max. dnevna suma | B21: 12.5 | C21: 23.1 | D21: 20.3 | E21: 11 | F21: 7.1 | G21: 21.5 | H21: 11.7 | I21: 13.3 | J21: 9.3 | K21: 35.2 | L21: 20.4 | M21: 21.7 | N21: =MAX(B21:M21)
A22: Sr. br. dana >= 0.1 mm | B22: 19 | C22: 17 | D22: 26 | E22: 17 | F22: 18 | G22: 20 | H22: 15 | I22: 13 | J22: 13 | K22: 16 | L22: 10 | M22: 23 | N22: =SUM(B22:M22)
A23: Sr. br. dana >= 10.0 mm | B23: 1 | C23: 2 | D23: 2 | E23: 2 | F23: 0 | G23: 5 | H23: 1 | I23: 3 | J23: 0 | K23: 3 | L23: 3 | M23: 3 | N23: =SUM(B23:M23)
A24: POJAVE (broj dana sa....)
A25: snegom | B25: 12 | C25: 17 | D25: 13 | E25: 0 | F25: 0 | G25: 0 | H25: 0 | I25: 0 | J25: 0 | K25: 3 | L25: 1 | M25: 14 | N25: =SUM(B25:M25)
A26: snežnim pokrivačem | B26: 12 | C26: 17 | D26: 13 | E26: 0 | F26: 0 | G26: 0 | H26: 0 | I26: 0 | J26: 0 | K26: 3 | L26: 1 | M26: 14 | N26: =SUM(B26:M26)
A27: maglom | B27: 0 | C27: 0 | D27: 0 | E27: 0 | F27: 0 | G27: 0 | H27: 0 | I27: 0 | J27: 0 | K27: 0 | L27: 0 | M27: 0 | N27: =SUM(B27:M27)
A28: gradom | B28: 0 | C28: 0 | D28: 0 | E28: 0 | F28: 0 | G28: 0 | H28: 0 | I28: 0 | J28: 0 | K28: 0 | L28: 0 | M28: 0 | N28: =SUM(B28:M28)

Sheet 2010
A1: PROSEČNE MESEČNE, GODIŠNJE I EKSTREMNE VREDNOSTI ZA 2010. GODINU
A2: KRUŠEVAC φ 43.58°N λ 21.32°E h 166 m
A4: METEOROLOŠKI PARAMETAR | B4: jan | C4: feb | D4: mar | E4: apr | F4: maj | G4: jun | H4: jul | I4: avg | J4: sep | K4: okt | L4: nov | M4: dec | N4: god.
A5: TEMPERATURA VAZDUHA (°C)
A6: Normalna vrednost | B6: 0.6 | C6: 1.8 | D6: 6.5 | E6: 12.2 | F6: 16.8 | G6: 20.2 | H6: 22.7 | I6: 23.4 | J6: 17.7 | K6: 9.3 | L6: 10.1 | M6: 1.8 | N6: =AVERAGE(B6:M6)
A7: Srednja maksimalna | B7: 4.3 | C7: 6.4 | D7: 11.6 | E7: 17.1 | F7: 21.8 | G7: 24.7 | H7: 27.3 | I7: 28.8 | J7: 23.1 | K7: 13.2 | L7: 16 | M7: 6.2 | N7: =AVERAGE(B7:M7)
A8: Srednja minimalna | B8: -2.6 | C8: -2.6 | D8: 1.7 | E8: 7 | F8: 11.2 | G8: 15 | H8: 17.6 | I8: 17.8 | J8: 12.6 | K8: 6 | L8: 5.4 | M8: -1.9 | N8: =AVERAGE(B8:M8)
A9: Apsolutni maksimum | B9: 15.4 | C9: 17.6 | D9: 22.1 | E9: 22.9 | F9: 28.8 | G9: 34.7 | H9: 33.3 | I9: 36.2 | J9: 30 | K9: 18.8 | L9: 21.4 | M9: 17.7 | N9: =MAX(B9:M9)
A10: Apsolutni minimum | B10: -14.3 | C10: -11.8 | D10: -4.2 | E10: 3.1 | F10: 7.7 | G10: 9.5 | H10: 13.5 | I10: 12.4 | J10: 9.4 | K10: -2.4 | L10: 0.3 | M10: -11.3 | N10: =MIN(B10:M10)
A11: Sr. br. mraznih dana | B11: 23 | C11: 20 | D11: 13 | E11: 0 | F11: 0 | G11: 0 | H11: 0 | I11: 0 | J11: 0 | K11: 3 | L11: 0 | M11: 19 | N11: =SUM(B11:M11)
A12: Sr. br. tropskih dana | B12: 0 | C12: 0 | D12: 0 | E12: 0 | F12: 0 | G12: 5 | H12: 10 | I12: 10 | J12: 2 | K12: 0 | L12: 0 | M12: 0 | N12: =SUM(B12:M12)
A13: RELATIVNA VLAGA (%)
A14: Prosek | B14: 77.1 | C14: 81.4 | D14: 72 | E14: 74.3 | F14: 74.5 | G14: 76.1 | H14: 70.8 | I14: 64.9 | J14: 67.9 | K14: 81.9 | L14: 82.1 | M14: 78.9 | N14: =AVERAGE(B14:M14)
A15: TRAJANJE SIJANJA SUNCA (h)
A16: Prosek | B16: 183.5 | C16: 162.4 | D16: 248.4 | E16: 276.9 | F16: 314.9 | G16: 341.6 | H16: 378.2 | I16: 371 | J16: 310.7 | K16: 165.2 | L16: 206.4 | M16: 198.5 | N16: =SUM(B16:M16)
A17: Broj vedrih dana | B17: 0 | C17: 1 | D17: 2 | E17: 4 | F17: 2 | G17: 6 | H17: 9 | I17: 11 | J17: 5 | K17: 3 | L17: 6 | M17: 3 | N17: =SUM(B17:M17)
A18: Broj oblačnih dana | B18: 16 | C18: 16 | D18: 12 | E18: 13 | F18: 11 | G18: 8 | H18: 7 | I18: 2 | J18: 6 | K18: 16 | L18: 10 | M18: 11 | N18: =SUM(B18:M18)
A19: PADAVINE (mm)
A20: Sr. mesečna suma | B20: 49.9 | C20: 104 | D20: 86 | E20: 97.1 | F20: 98.9 | G20: 119.4 | H20: 48.1 | I20: 23.7 | J20: 24.7 | K20: 92.9 | L20: 46.4 | M20: 61.4 | N20: =SUM(B20:M20)
A21: Max. dnevna suma | B21: 9 | C21: 18.4 | D21: 13.2 | E21: 23.3 | F21: 16.1 | G21: 19.6 | H21: 15.1 | I21: 8.3 | J21: 7.3 | K21: 19 | L21: 12.2 | M21: 23.8 | N21: =MAX(B21:M21)
A22: Sr. br. dana >= 0.1 mm | B22: 17 | C22: 20 | D22: 21 | E22: 22 | F22: 19 | G22: 23 | H22: 18 | I22: 6 | J22: 10 | K22: 18 | L22: 16 | M22: 16 | N22: =SUM(B22:M22)
A23: Sr. br. dana >= 10.0 mm | B23: 0 | C23: 3 | D23: 3 | E23: 2 | F23: 5 | G23: 4 | H23: 1 | I23: 0 | J23: 0 | K23: 4 | L23: 1 | M23: 1 | N23: =SUM(B23:M23)
A24: POJAVE (broj dana sa....)
A25: snegom | B25: 11 | C25: 15 | D25: 9 | E25: 0 | F25: 0 | G25: 0 | H25: 0 | I25: 0 | J25: 0 | K25: 2 | L25: 2 | M25: 14 | N25: =SUM(B25:M25)
A26: snežnim pokrivačem | B26: 11 | C26: 15 | D26: 9 | E26: 0 | F26: 0 | G26: 0 | H26: 0 | I26: 0 | J26: 0 | K26: 2 | L26: 2 | M26: 14 | N26: =SUM(B26:M26)
A27: maglom | B27: 0 | C27: 0 | D27: 0 | E27: 0 | F27: 0 | G27: 0 | H27: 0 | I27: 0 | J27: 0 | K27: 0 | L27: 0 | M27: 0 | N27: =SUM(B27:M27)
A28: gradom | B28: 0 | C28: 0 | D28: 0 | E28: 0 | F28: 0 | G28: 0 | H28: 0 | I28: 0 | J28: 0 | K28: 0 | L28: 0 | M28: 0 | N28: =SUM(B28:M28)

Sheet 2011
A1: PROSEČNE MESEČNE, GODIŠNJE I EKSTREMNE VREDNOSTI ZA 2011. GODINU
A2: KRUŠEVAC φ 43.58°N λ 21.32°E h 166 m
A4: METEOROLOŠKI PARAMETAR | B4: jan | C4: feb | D4: mar | E4: apr | F4: maj | G4: jun | H4: jul | I4: avg | J4: sep | K4: okt | L4: nov | M4: dec | N4: god.
A5: TEMPERATURA VAZDUHA (°C)
A6: Normalna vrednost | B6: -0.2 | C6: -0.5 | D6: 5.5 | E6: 11.8 | F6: 16.2 | G6: 21 | H6: 23.1 | I6: 24.1 | J6: 22 | K6: 10.4 | L6: 3.1 | M6: 2.6 | N6: =AVERAGE(B6:M6)
A7: Srednja maksimalna | B7: 4.7 | C7: 4.9 | D7: 11.1 | E7: 16.8 | F7: 21.2 | G7: 25.9 | H7: 28.5 | I7: 30 | J7: 27.7 | K7: 15.5 | L7: 8.7 | M7: 7.5 | N7: =AVERAGE(B7:M7)
A8: Srednja minimalna | B8: -4 | C8: -4.8 | D8: 0.1 | E8: 6.3 | F8: 10.8 | G8: 15.4 | H8: 16.8 | I8: 17.7 | J8: 15.8 | K8: 5.9 | L8: -0.9 | M8: -0.9 | N8: =AVERAGE(B8:M8)
A9: Apsolutni maksimum | B9: 13.1 | C9: 14.4 | D9: 20.5 | E9: 21.6 | F9: 27.3 | G9: 33 | H9: 35.6 | I9: 37 | J9: 34.6 | K9: 25.3 | L9: 17.4 | M9: 14.8 | N9: =MAX(B9:M9)
A10: Apsolutni minimum | B10: -19 | C10: -14.9 | D10: -11.7 | E10: 2.5 | F10: 3.7 | G10: 12.8 | H10: 11.6 | I10: 12.2 | J10: 11.1 | K10: -1.4 | L10: -5.6 | M10: -4.2 | N10: =MIN(B10:M10)
A11: Sr. br. mraznih dana | B11: 26 | C11: 24 | D11: 12 | E11: 0 | F11: 0 | G11: 0 | H11: 0 | I11: 0 | J11: 0 | K11: 4 | L11: 22 | M11: 23 | N11: =SUM(B11:M11)
A12: Sr. br. tropskih dana | B12: 0 | C12: 0 | D12: 0 | E12: 0 | F12: 0 | G12: 6 | H12: 14 | I12: 16 | J12: 10 | K12: 0 | L12: 0 | M12: 0 | N12: =SUM(B12:M12)
A13: RELATIVNA VLAGA (%)
A14: Prosek | B14: 84.6 | C14: 81.1 | D14: 75.2 | E14: 66.3 | F14: 72.6 | G14: 65.3 | H14: 62.5 | I14: 53.7 | J14: 56.6 | K14: 73 | L14: 77.7 | M14: 82.5 | N14: =AVERAGE(B14:M14)
A15: TRAJANJE SIJANJA SUNCA (h)
A16: Prosek | B16: 196.6 | C16: 181.2 | D16: 274.2 | E16: 328.3 | F16: 324.4 | G16: 385.9 | H16: 395.2 | I16: 396.9 | J16: 331.7 | K16: 255.3 | L16: 252.1 | M16: 200.9 | N16: =SUM(B16:M16)
A17: Broj vedrih dana | B17: 5 | C17: 7 | D17: 8 | E17: 5 | F17: 5 | G17: 8 | H17: 12 | I17: 18 | J17: 11 | K17: 11 | L17: 11 | M17: 1 | N17: =SUM(B17:M17)
A18: Broj oblačnih dana | B18: 11 | C18: 11 | D18: 9 | E18: 8 | F18: 12 | G18: 4 | H18: 1 | I18: 0 | J18: 3 | K18: 7 | L18: 3 | M18: 11 | N18: =SUM(B18:M18)
A19: PADAVINE (mm)
A20: Sr. mesečna suma | B20: 26.4 | C20: 45.7 | D20: 63.4 | E20: 27.8 | F20: 89.8 | G20: 48.7 | H20: 54.6 | I20: 10.8 | J20: 36.3 | K20: 32.7 | L20: 4.4 | M20: 51.4 | N20: =SUM(B20:M20)
A21: Max. dnevna suma | B21: 9.3 | C21: 7.9 | D21: 18.8 | E21: 12.4 | F21: 9.7 | G21: 10.8 | H21: 13 | I21: 4.6 | J21: 15.9 | K21: 12.5 | L21: 3 | M21: 15.9 | N21: =MAX(B21:M21)
A22: Sr. br. dana >= 0.1 mm | B22: 8 | C22: 12 | D22: 19 | E22: 13 | F22: 21 | G22: 18 | H22: 14 | I22: 8 | J22: 5 | K22: 11 | L22: 3 | M22: 17 | N22: =SUM(B22:M22)
A23: Sr. br. dana >= 10.0 mm | B23: 0 | C23: 0 | D23: 1 | E23: 1 | F23: 0 | G23: 1 | H23: 1 | I23: 0 | J23: 2 | K23: 1 | L23: 0 | M23: 1 | N23: =SUM(B23:M23)
A24: POJAVE (broj dana sa....)
A25: snegom | B25: 7 | C25: 11 | D25: 8 | E25: 2 | F25: 0 | G25: 0 | H25: 0 | I25: 0 | J25: 0 | K25: 1 | L25: 0 | M25: 11 | N25: =SUM(B25:M25)
A26: snežnim pokrivačem | B26: 7 | C26: 11 | D26: 8 | E26: 2 | F26: 0 | G26: 0 | H26: 0 | I26: 0 | J26: 0 | K26: 1 | L26: 0 | M26: 11 | N26: =SUM(B26:M26)
A27: maglom | B27: 0 | C27: 0 | D27: 0 | E27: 0 | F27: 0 | G27: 0 | H27: 0 | I27: 0 | J27: 0 | K27: 0 | L27: 0 | M27: 0 | N27: =SUM(B27:M27)
A28: gradom | B28: 0 | C28: 0 | D28: 0 | E28: 0 | F28: 0 | G28: 0 | H28: 0 | I28: 0 | J28: 0 | K28: 0 | L28: 0 | M28: 0 | N28: =SUM(B28:M28)

Sheet 2012
A1: PROSEČNE MESEČNE, GODIŠNJE I EKSTREMNE VREDNOSTI ZA 2012. GODINU
A2: KRUŠEVAC φ 43.58°N λ 21.32°E h 166 m
A4: METEOROLOŠKI PARAMETAR | B4: jan | C4: feb | D4: mar | E4: apr | F4: maj | G4: jun | H4: jul | I4: avg | J4: sep | K4: okt | L4: nov | M4: dec | N4: god.
A5: TEMPERATURA VAZDUHA (°C)
A6: Normalna vrednost | B6: -0.6 | C6: -5.6 | D6: 7.3 | E6: 12.1 | F6: 16.1 | G6: 23 | H6: 26.3 | I6: 25.7 | J6: 20.9 | K6: 14.3 | L6: 8.9 | M6: 0.1 | N6: =AVERAGE(B6:M6)
A7: Srednja maksimalna | B7: 3.1 | C7: -1.7 | D7: 12.7 | E7: 18.3 | F7: 20.8 | G7: 29 | H7: 31.8 | I7: 31.7 | J7: 27.4 | K7: 20.2 | L7: 13.8 | M7: 3.5 | N7: =AVERAGE(B7:M7)
A8: Srednja minimalna | B8: -3.8 | C8: -9.3 | D8: 2 | E8: 5.4 | F8: 11.1 | G8: 16 | H8: 19.8 | I8: 18.2 | J8: 14.3 | K8: 8.8 | L8: 5.1 | M8: -3.1 | N8: =AVERAGE(B8:M8)
A9: Apsolutni maksimum | B9: 10.2 | C9: 10.5 | D9: 21.4 | E9: 27.2 | F9: 28.6 | G9: 34.3 | H9: 39.5 | I9: 38.4 | J9: 33.6 | K9: 32.2 | L9: 21.1 | M9: 10.1 | N9: =MAX(B9:M9)
A10: Apsolutni minimum | B10: -23.5 | C10: -21.5 | D10: -3.8 | E10: -1.2 | F10: 6.7 | G10: 9.4 | H10: 15.1 | I10: 12.6 | J10: 5.4 | K10: -0.1 | L10: 0.6 | M10: -17.1 | N10: =MIN(B10:M10)
A11: Sr. br. mraznih dana | B11: 25 | C11: 28 | D11: 10 | E11: 3 | F11: 0 | G11: 0 | H11: 0 | I11: 0 | J11: 0 | K11: 1 | L11: 0 | M11: 22 | N11: =SUM(B11:M11)
A12: Sr. br. tropskih dana | B12: 0 | C12: 0 | D12: 0 | E12: 0 | F12: 0 | G12: 14 | H12: 20 | I12: 18 | J12: 9 | K12: 2 | L12: 0 | M12: 0 | N12: =SUM(B12:M12)
A13: RELATIVNA VLAGA (%)
A14: Prosek | B14: 83.1 | C14: 80.7 | D14: 67.1 | E14: 71.6 | F14: 74.5 | G14: 63 | H14: 53.4 | I14: 43.7 | J14: 55.6 | K14: 71.7 | L14: 81.7 | M14: 83.4 | N14: =AVERAGE(B14:M14)
A15: TRAJANJE SIJANJA SUNCA (h)
A16: Prosek | B16: 170.1 | C16: 178.2 | D16: 313.9 | E16: 320.6 | F16: 294.7 | G16: 432.9 | H16: 434.8 | I16: 404 | J16: 309.7 | K16: 268.2 | L16: 193.6 | M16: 132 | N16: =SUM(B16:M16)
A17: Broj vedrih dana | B17: 5 | C17: 2 | D17: 8 | E17: 7 | F17: 5 | G17: 15 | H17: 19 | I17: 22 | J17: 13 | K17: 8 | L17: 0 | M17: 2 | N17: =SUM(B17:M17)
A18: Broj oblačnih dana | B18: 14 | C18: 17 | D18: 3 | E18: 7 | F18: 11 | G18: 0 | H18: 0 | I18: 0 | J18: 5 | K18: 7 | L18: 13 | M18: 18 | N18: =SUM(B18:M18)
A19: PADAVINE (mm)
A20: Sr. mesečna suma | B20: 125.6 | C20: 74.5 | D20: 17.1 | E20: 97.2 | F20: 153.8 | G20: 18.2 | H20: 30.8 | I20: 4 | J20: 19.3 | K20: 44.3 | L20: 26.4 | M20: 96.1 | N20: =SUM(B20:M20)
A21: Max. dnevna suma | B21: 26.8 | C21: 13.1 | D21: 12.4 | E21: 14.2 | F21: 28.2 | G21: 10 | H21: 13.6 | I21: 1.6 | J21: 11.3 | K21: 13.7 | L21: 12.4 | M21: 12.2 | N21: =MAX(B21:M21)
A22: Sr. br. dana >= 0.1 mm | B22: 22 | C22: 21 | D22: 11 | E22: 20 | F22: 23 | G22: 12 | H22: 8 | I22: 4 | J22: 6 | K22: 11 | L22: 8 | M22: 18 | N22: =SUM(B22:M22)
A23: Sr. br. dana >= 10.0 mm | B23: 4 | C23: 1 | D23: 1 | E23: 3 | F23: 5 | G23: 1 | H23: 1 | I23: 0 | J23: 1 | K23: 1 | L23: 1 | M23: 3 | N23: =SUM(B23:M23)
A24: POJAVE (broj dana sa....)
A25: snegom | B25: 20 | C25: 22 | D25: 2 | E25: 2 | F25: 0 | G25: 0 | H25: 0 | I25: 0 | J25: 0 | K25: 1 | L25: 0 | M25: 12 | N25: =SUM(B25:M25)
A26: snežnim pokrivačem | B26: 20 | C26: 22 | D26: 2 | E26: 2 | F26: 0 | G26: 0 | H26: 0 | I26: 0 | J26: 0 | K26: 1 | L26: 0 | M26: 12 | N26: =SUM(B26:M26)
A27: maglom | B27: 0 | C27: 0 | D27: 0 | E27: 0 | F27: 0 | G27: 0 | H27: 0 | I27: 0 | J27: 0 | K27: 0 | L27: 0 | M27: 0 | N27: =SUM(B27:M27)
A28: gradom | B28: 0 | C28: 0 | D28: 0 | E28: 0 | F28: 0 | G28: 0 | H28: 0 | I28: 0 | J28: 0 | K28: 0 | L28: 0 | M28: 0 | N28: =SUM(B28:M28)

Sheet 2013
A1: PROSEČNE MESEČNE, GODIŠNJE I EKSTREMNE VREDNOSTI ZA 2013. GODINU
A2: KRUŠEVAC φ 43.58°N λ 21.32°E h 166 m
A4: METEOROLOŠKI PARAMETAR | B4: jan | C4: feb | D4: mar | E4: apr | F4: maj | G4: jun | H4: jul | I4: avg | J4: sep | K4: okt | L4: nov | M4: dec | N4: god.
A5: TEMPERATURA VAZDUHA (°C)
A6: Normalna vrednost | B6: 2.1 | C6: 3.9 | D6: 5.6 | E6: 13.4 | F6: 18.3 | G6: 20.2 | H6: 23.4 | I6: 25.1 | J6: 17.4 | K6: 13.4 | L6: 8.8 | M6: 1.4 | N6: =AVERAGE(B6:M6)
A7: Srednja maksimalna | B7: 6.1 | C7: 7.9 | D7: 10.9 | E7: 19.1 | F7: 23.6 | G7: 24.8 | H7: 28.5 | I7: 30.5 | J7: 22.9 | K7: 19.6 | L7: 13.6 | M7: 5.9 | N7: =AVERAGE(B7:M7)
A8: Srednja minimalna | B8: -1.6 | C8: 0.8 | D8: 1 | E8: 6.9 | F8: 12.3 | G8: 15.2 | H8: 17.3 | I8: 19.1 | J8: 11.9 | K8: 8.1 | L8: 5.1 | M8: -1.8 | N8: =AVERAGE(B8:M8)
A9: Apsolutni maksimum | B9: 15 | C9: 14.6 | D9: 20.4 | E9: 30.1 | F9: 29.5 | G9: 34.8 | H9: 37.7 | I9: 36.3 | J9: 28.7 | K9: 25.8 | L9: 22 | M9: 10.5 | N9: =MAX(B9:M9)
A10: Apsolutni minimum | B10: -10.2 | C10: -3.6 | D10: -3.7 | E10: 1.9 | F10: 7.1 | G10: 9.1 | H10: 11.9 | I10: 13.4 | J10: 7.5 | K10: -0.1 | L10: -5.4 | M10: -6 | N10: =MIN(B10:M10)
A11: Sr. br. mraznih dana | B11: 23 | C11: 9 | D11: 16 | E11: 0 | F11: 0 | G11: 0 | H11: 0 | I11: 0 | J11: 0 | K11: 1 | L11: 4 | M11: 22 | N11: =SUM(B11:M11)
A12: Sr. br. tropskih dana | B12: 0 | C12: 0 | D12: 0 | E12: 1 | F12: 0 | G12: 8 | H12: 8 | I12: 19 | J12: 0 | K12: 0 | L12: 0 | M12: 0 | N12: =SUM(B12:M12)
A13: RELATIVNA VLAGA (%)
A14: Prosek | B14: 82.4 | C14: 80.6 | D14: 75.5 | E14: 70.3 | F14: 66.5 | G14: 71.8 | H14: 57.3 | I14: 53.5 | J14: 64.1 | K14: 75.5 | L14: 80.9 | M14: 80.5 | N14: =AVERAGE(B14:M14)
A15: TRAJANJE SIJANJA SUNCA (h)
A16: Prosek | B16: 170.8 | C16: 135.1 | D16: 238.8 | E16: 327.3 | F16: 361.5 | G16: 371 | H16: 426.7 | I16: 389.2 | J16: 306.8 | K16: 263.5 | L16: 176.5 | M16: 203.6 | N16: =SUM(B16:M16)
A17: Broj vedrih dana | B17: 2 | C17: 0 | D17: 3 | E17: 9 | F17: 3 | G17: 5 | H17: 11 | I17: 15 | J17: 6 | K17: 10 | L17: 3 | M17: 6 | N17: =SUM(B17:M17)
A18: Broj oblačnih dana | B18: 16 | C18: 19 | D18: 14 | E18: 4 | F18: 7 | G18: 6 | H18: 0 | I18: 0 | J18: 2 | K18: 7 | L18: 16 | M18: 8 | N18: =SUM(B18:M18)
A19: PADAVINE (mm)
A20: Sr. mesečna suma | B20: 75 | C20: 60.3 | D20: 99.3 | E20: 58.3 | F20: 96.9 | G20: 86.6 | H20: 23.1 | I20: 15 | J20: 43.8 | K20: 52.9 | L20: 50.3 | M20: 16.4 | N20: =SUM(B20:M20)
A21: Max. dnevna suma | B21: 16.4 | C21: 11.4 | D21: 24.2 | E21: 17.2 | F21: 21.4 | G21: 20.2 | H21: 7 | I21: 9.6 | J21: 18.8 | K21: 21.1 | L21: 10.6 | M21: 5.9 | N21: =MAX(B21:M21)
A22: Sr. br. dana >= 0.1 mm | B22: 20 | C22: 20 | D22: 21 | E22: 16 | F22: 22 | G22: 18 | H22: 11 | I22: 10 | J22: 11 | K22: 11 | L22: 11 | M22: 6 | N22: =SUM(B22:M22)
A23: Sr. br. dana >= 10.0 mm | B23: 2 | C23: 1 | D23: 4 | E23: 2 | F23: 4 | G23: 2 | H23: 0 | I23: 0 | J23: 1 | K23: 1 | L23: 1 | M23: 0 | N23: =SUM(B23:M23)
A24: POJAVE (broj dana sa....)
A25: snegom | B25: 14 | C25: 14 | D25: 8 | E25: 2 | F25: 0 | G25: 0 | H25: 0 | I25: 0 | J25: 0 | K25: 0 | L25: 2 | M25: 5 | N25: =SUM(B25:M25)
A26: snežnim pokrivačem | B26: 14 | C26: 14 | D26: 8 | E26: 2 | F26: 0 | G26: 0 | H26: 0 | I26: 0 | J26: 0 | K26: 0 | L26: 2 | M26: 5 | N26: =SUM(B26:M26)
A27: maglom | B27: 0 | C27: 0 | D27: 0 | E27: 0 | F27: 0 | G27: 0 | H27: 0 | I27: 0 | J27: 0 | K27: 0 | L27: 0 | M27: 0 | N27: =SUM(B27:M27)
A28: gradom | B28: 0 | C28: 0 | D28: 0 | E28: 0 | F28: 0 | G28: 0 | H28: 0 | I28: 0 | J28: 0 | K28: 0 | L28: 0 | M28: 0 | N28: =SUM(B28:M28)

Sheet 2014
A1: PROSEČNE MESEČNE, GODIŠNJE I EKSTREMNE VREDNOSTI ZA 2014. GODINU
A2: KRUŠEVAC φ 43.58°N λ 21.32°E h 166 m
A4: METEOROLOŠKI PARAMETAR | B4: jan | C4: feb | D4: mar | E4: apr | F4: maj | G4: jun | H4: jul | I4: avg | J4: sep | K4: okt | L4: nov | M4: dec | N4: god.
A5: TEMPERATURA VAZDUHA (°C)
A6: Normalna vrednost | B6: 2.9 | C6: 5.4 | D6: 9.2 | E6: 12.1 | F6: 15.4 | G6: 19.5 | H6: 21.9 | I6: 21.7 | J6: 17.4 | K6: 12.1 | L6: 8.1 | M6: 1.9 | N6: =AVERAGE(B6:M6)
A7: Srednja maksimalna | B7: 8.1 | C7: 11.6 | D7: 14.7 | E7: 16.8 | F7: 20 | G7: 24.4 | H7: 26.7 | I7: 26.7 | J7: 21.9 | K7: 17.3 | L7: 12.1 | M7: 5.9 | N7: =AVERAGE(B7:M7)
A8: Srednja minimalna | B8: -0.9 | C8: 0.6 | D8: 4 | E8: 7.5 | F8: 10.1 | G8: 14.3 | H8: 16.9 | I8: 16.4 | J8: 13.4 | K8: 7.6 | L8: 5 | M8: -1.1 | N8: =AVERAGE(B8:M8)
A9: Apsolutni maksimum | B9: 14.8 | C9: 20.4 | D9: 21.2 | E9: 23.4 | F9: 26.6 | G9: 29.3 | H9: 32.5 | I9: 34.2 | J9: 28.1 | K9: 26.5 | L9: 20 | M9: 12.1 | N9: =MAX(B9:M9)
A10: Apsolutni minimum | B10: -9.1 | C10: -9.2 | D10: -0.7 | E10: 3.9 | F10: 5.8 | G10: 10 | H10: 11.8 | I10: 12.3 | J10: 6.5 | K10: 0.7 | L10: -2.2 | M10: -16.1 | N10: =MIN(B10:M10)
A11: Sr. br. mraznih dana | B11: 16 | C11: 13 | D11: 2 | E11: 0 | F11: 0 | G11: 0 | H11: 0 | I11: 0 | J11: 0 | K11: 0 | L11: 2 | M11: 18 | N11: =SUM(B11:M11)
A12: Sr. br. tropskih dana | B12: 0 | C12: 0 | D12: 0 | E12: 0 | F12: 0 | G12: 0 | H12: 4 | I12: 5 | J12: 0 | K12: 0 | L12: 0 | M12: 0 | N12: =SUM(B12:M12)
A13: RELATIVNA VLAGA (%)
A14: Prosek | B14: 84.8 | C14: 77.1 | D14: 74.9 | E14: 77.3 | F14: 77.3 | G14: 75 | H14: 75.2 | I14: 74.8 | J14: 81 | K14: 81.1 | L14: 85.3 | M14: 85.7 | N14: =AVERAGE(B14:M14)
A15: TRAJANJE SIJANJA SUNCA (h)
A16: Prosek | B16: 196.7 | C16: 229.4 | D16: 263.1 | E16: 263.6 | F16: 306.1 | G16: 382.6 | H16: 380.6 | I16: 359.6 | J16: 265.5 | K16: 249.5 | L16: 176.5 | M16: 153.5 | N16: =SUM(B16:M16)
A17: Broj vedrih dana | B17: 0 | C17: 4 | D17: 8 | E17: 1 | F17: 4 | G17: 7 | H17: 5 | I17: 6 | J17: 1 | K17: 6 | L17: 3 | M17: 4 | N17: =SUM(B17:M17)
A18: Broj oblačnih dana | B18: 11 | C18: 10 | D18: 9 | E18: 12 | F18: 13 | G18: 6 | H18: 6 | I18: 5 | J18: 12 | K18: 10 | L18: 13 | M18: 15 | N18: =SUM(B18:M18)
A19: PADAVINE (mm)
A20: Sr. mesečna suma | B20: 39.5 | C20: 16.9 | D20: 83.4 | E20: 191.3 | F20: 156.8 | G20: 106.5 | H20: 149.2 | I20: 79.8 | J20: 172.1 | K20: 50.3 | L20: 46.6 | M20: 76.8 | N20: =SUM(B20:M20)
A21: Max. dnevna suma | B21: 12.1 | C21: 4.6 | D21: 15.3 | E21: 33.3 | F21: 33.3 | G21: 20.1 | H21: 26.5 | I21: 12.9 | J21: 28.8 | K21: 14.8 | L21: 12.3 | M21: 22.4 | N21: =MAX(B21:M21)
A22: Sr. br. dana >= 0.1 mm | B22: 13 | C22: 11 | D22: 18 | E22: 23 | F22: 22 | G22: 20 | H22: 23 | I22: 20 | J22: 24 | K22: 9 | L22: 11 | M22: 16 | N22: =SUM(B22:M22)
A23: Sr. br. dana >= 10.0 mm | B23: 1 | C23: 0 | D23: 3 | E23: 5 | F23: 4 | G23: 4 | H23: 5 | I23: 3 | J23: 7 | K23: 2 | L23: 2 | M23: 1 | N23: =SUM(B23:M23)
A24: POJAVE (broj dana sa....)
A25: snegom | B25: 6 | C25: 2 | D25: 5 | E25: 4 | F25: 0 | G25: 0 | H25: 0 | I25: 0 | J25: 0 | K25: 3 | L25: 0 | M25: 10 | N25: =SUM(B25:M25)
A26: snežnim pokrivačem | B26: 6 | C26: 2 | D26: 5 | E26: 4 | F26: 0 | G26: 0 | H26: 0 | I26: 0 | J26: 0 | K26: 3 | L26: 0 | M26: 10 | N26: =SUM(B26:M26)
A27: maglom | B27: 0 | C27: 0 | D27: 0 | E27: 0 | F27: 0 | G27: 0 | H27: 0 | I27: 0 | J27: 0 | K27: 0 | L27: 0 | M27: 0 | N27: =SUM(B27:M27)
A28: gradom | B28: 0 | C28: 0 | D28: 0 | E28: 0 | F28: 0 | G28: 0 | H28: 0 | I28: 0 | J28: 0 | K28: 0 | L28: 0 | M28: 0 | N28: =SUM(B28:M28)

Sheet 2015
A1: PROSEČNE MESEČNE, GODIŠNJE I EKSTREMNE VREDNOSTI ZA 2015. GODINU
A2: KRUŠEVAC φ 43.58°N λ 21.32°E h 166 m
A4: METEOROLOŠKI PARAMETAR | B4: jan | C4: feb | D4: mar | E4: apr | F4: maj | G4: jun | H4: jul | I4: avg | J4: sep | K4: okt | L4: nov | M4: dec | N4: god.
A5: TEMPERATURA VAZDUHA (°C)
A6: Normalna vrednost | B6: 1 | C6: 2.7 | D6: 5.8 | E6: 11 | F6: 17.9 | G6: 20.2 | H6: 25.7 | I6: 25.5 | J6: 20.1 | K6: 11.9 | L6: 7 | M6: 3.3 | N6: =AVERAGE(B6:M6)
A7: Srednja maksimalna | B7: 5.7 | C7: 7.1 | D7: 10.7 | E7: 16.2 | F7: 22.9 | G7: 24.9 | H7: 31 | I7: 30.8 | J7: 24.9 | K7: 16.3 | L7: 12.9 | M7: 7.9 | N7: =AVERAGE(B7:M7)
A8: Srednja minimalna | B8: -3.2 | C8: -0.8 | D8: 1.4 | E8: 5.1 | F8: 12 | G8: 15.1 | H8: 19.3 | I8: 19.9 | J8: 15.4 | K8: 8.3 | L8: 2.4 | M8: -0.1 | N8: =AVERAGE(B8:M8)
A9: Apsolutni maksimum | B9: 13.3 | C9: 15 | D9: 18.3 | E9: 24.5 | F9: 31.7 | G9: 32.9 | H9: 36.4 | I9: 35.7 | J9: 36 | K9: 23.9 | L9: 19.9 | M9: 13.5 | N9: =MAX(B9:M9)
A10: Apsolutni minimum | B10: -18.5 | C10: -6.5 | D10: -2.1 | E10: -0.7 | F10: 6.3 | G10: 9.8 | H10: 14.1 | I10: 14.5 | J10: 11.4 | K10: 1.9 | L10: -2.1 | M10: -5.6 | N10: =MIN(B10:M10)
A11: Sr. br. mraznih dana | B11: 19 | C11: 19 | D11: 8 | E11: 1 | F11: 0 | G11: 0 | H11: 0 | I11: 0 | J11: 0 | K11: 0 | L11: 6 | M11: 20 | N11: =SUM(B11:M11)
A12: Sr. br. tropskih dana | B12: 0 | C12: 0 | D12: 0 | E12: 0 | F12: 1 | G12: 4 | H12: 17 | I12: 21 | J12: 9 | K12: 0 | L12: 0 | M12: 0 | N12: =SUM(B12:M12)
A13: RELATIVNA VLAGA (%)
A14: Prosek | B14: 83.6 | C14: 77.8 | D14: 77.4 | E14: 66.4 | F14: 72.5 | G14: 68.2 | H14: 53.8 | I14: 52.8 | J14: 70 | K14: 82.4 | L14: 81.6 | M14: 86.5 | N14: =AVERAGE(B14:M14)
A15: TRAJANJE SIJANJA SUNCA (h)
A16: Prosek | B16: 172.4 | C16: 189.9 | D16: 223.1 | E16: 309.9 | F16: 352.1 | G16: 373.4 | H16: 440.8 | I16: 386.2 | J16: 241.8 | K16: 198.6 | L16: 192.6 | M16: 203.2 | N16: =SUM(B16:M16)
A17: Broj vedrih dana | B17: 5 | C17: 7 | D17: 4 | E17: 2 | F17: 3 | G17: 6 | H17: 18 | I17: 14 | J17: 7 | K17: 0 | L17: 11 | M17: 9 | N17: =SUM(B17:M17)
A18: Broj oblačnih dana | B18: 10 | C18: 13 | D18: 11 | E18: 10 | F18: 7 | G18: 7 | H18: 0 | I18: 2 | J18: 10 | K18: 13 | L18: 9 | M18: 8 | N18: =SUM(B18:M18)
A19: PADAVINE (mm)
A20: Sr. mesečna suma | B20: 58.3 | C20: 59.1 | D20: 129.6 | E20: 73.1 | F20: 70.8 | G20: 65.5 | H20: 4.2 | I20: 20.7 | J20: 69.1 | K20: 88.7 | L20: 56.9 | M20: 9.7 | N20: =SUM(B20:M20)
A21: Max. dnevna suma | B21: 10.2 | C21: 15.2 | D21: 26.1 | E21: 15.1 | F21: 16.9 | G21: 10.1 | H21: 1.5 | I21: 14.1 | J21: 25.6 | K21: 16.6 | L21: 17.7 | M21: 3.3 | N21: =MAX(B21:M21)
A22: Sr. br. dana >= 0.1 mm | B22: 19 | C22: 17 | D22: 19 | E22: 16 | F22: 19 | G22: 19 | H22: 8 | I22: 11 | J22: 17 | K22: 17 | L22: 7 | M22: 6 | N22: =SUM(B22:M22)
A23: Sr. br. dana >= 10.0 mm | B23: 1 | C23: 1 | D23: 5 | E23: 3 | F23: 3 | G23: 1 | H23: 0 | I23: 1 | J23: 2 | K23: 4 | L23: 3 | M23: 0 | N23: =SUM(B23:M23)
A24: POJAVE (broj dana sa....)
A25: snegom | B25: 14 | C25: 10 | D25: 11 | E25: 4 | F25: 0 | G25: 0 | H25: 0 | I25: 0 | J25: 0 | K25: 0 | L25: 5 | M25: 5 | N25: =SUM(B25:M25)
A26: snežnim pokrivačem | B26: 14 | C26: 10 | D26: 11 | E26: 4 | F26: 0 | G26: 0 | H26: 0 | I26: 0 | J26: 0 | K26: 0 | L26: 5 | M26: 5 | N26: =SUM(B26:M26)
A27: maglom | B27: 0 | C27: 0 | D27: 0 | E27: 0 | F27: 0 | G27: 0 | H27: 0 | I27: 0 | J27: 0 | K27: 0 | L27: 0 | M27: 0 | N27: =SUM(B27:M27)
A28: gradom | B28: 0 | C28: 0 | D28: 0 | E28: 0 | F28: 0 | G28: 0 | H28: 0 | I28: 0 | J28: 0 | K28: 0 | L28: 0 | M28: 0 | N28: =SUM(B28:M28)

Sheet 2016
A1: PROSEČNE MESEČNE, GODIŠNJE I EKSTREMNE VREDNOSTI ZA 2016. GODINU
A2: KRUŠEVAC φ 43.58°N λ 21.32°E h 166 m
A4: METEOROLOŠKI PARAMETAR | B4: jan | C4: feb | D4: mar | E4: apr | F4: maj | G4: jun | H4: jul | I4: avg | J4: sep | K4: okt | L4: nov | M4: dec | N4: god.
A5: TEMPERATURA VAZDUHA (°C)
A6: Normalna vrednost | B6: -0.9 | C6: 7.3 | D6: 7.6 | E6: 14.1 | F6: 15.6 | G6: 21.5 | H6: 23.4 | I6: 21.7 | J6: 18.8 | K6: 10.8 | L6: 6.1 | M6: 0.2 | N6: =AVERAGE(B6:M6)
A7: Srednja maksimalna | B7: 4.2 | C7: 13.2 | D7: 12.7 | E7: 20.4 | F7: 20.7 | G7: 26.6 | H7: 28.3 | I7: 26.5 | J7: 23.7 | K7: 14.5 | L7: 10.7 | M7: 3.9 | N7: =AVERAGE(B7:M7)
A8: Srednja minimalna | B8: -5.6 | C8: 2.4 | D8: 2.7 | E8: 7.8 | F8: 10 | G8: 16 | H8: 17.8 | I8: 16.8 | J8: 13.6 | K8: 7.4 | L8: 2.6 | M8: -2.5 | N8: =AVERAGE(B8:M8)
A9: Apsolutni maksimum | B9: 13.8 | C9: 21 | D9: 23.4 | E9: 30.8 | F9: 30 | G9: 34.5 | H9: 35.3 | I9: 32.6 | J9: 29.4 | K9: 25.5 | L9: 18.9 | M9: 10.6 | N9: =MAX(B9:M9)
A10: Apsolutni minimum | B10: -20.1 | C10: -2.6 | D10: -1.1 | E10: 1.2 | F10: 6.3 | G10: 11.7 | H10: 13.9 | I10: 11.3 | J10: 6.8 | K10: 0.5 | L10: -2.6 | M10: -5.3 | N10: =MIN(B10:M10)
A11: Sr. br. mraznih dana | B11: 24 | C11: 7 | D11: 5 | E11: 0 | F11: 0 | G11: 0 | H11: 0 | I11: 0 | J11: 0 | K11: 0 | L11: 5 | M11: 28 | N11: =SUM(B11:M11)
A12: Sr. br. tropskih dana | B12: 0 | C12: 0 | D12: 0 | E12: 1 | F12: 1 | G12: 8 | H12: 12 | I12: 5 | J12: 0 | K12: 0 | L12: 0 | M12: 0 | N12: =SUM(B12:M12)
A13: RELATIVNA VLAGA (%)
A14: Prosek | B14: 83.9 | C14: 81.2 | D14: 76.6 | E14: 70.3 | F14: 76.5 | G14: 74.1 | H14: 65.8 | I14: 69.4 | J14: 68.9 | K14: 81.1 | L14: 82 | M14: 77.7 | N14: =AVERAGE(B14:M14)
A15: TRAJANJE SIJANJA SUNCA (h)
A16: Prosek | B16: 169.1 | C16: 205.2 | D16: 249.5 | E16: 299.4 | F16: 319.3 | G16: 382.8 | H16: 405.6 | I16: 320.6 | J16: 310.6 | K16: 195.5 | L16: 187.7 | M16: 209.2 | N16: =SUM(B16:M16)
A17: Broj vedrih dana | B17: 2 | C17: 0 | D17: 3 | E17: 6 | F17: 3 | G17: 2 | H17: 11 | I17: 10 | J17: 8 | K17: 0 | L17: 3 | M17: 3 | N17: =SUM(B17:M17)
A18: Broj oblačnih dana | B18: 15 | C18: 12 | D18: 13 | E18: 8 | F18: 9 | G18: 6 | H18: 2 | I18: 7 | J18: 4 | K18: 16 | L18: 12 | M18: 9 | N18: =SUM(B18:M18)
A19: PADAVINE (mm)
A20: Sr. mesečna suma | B20: 107.3 | C20: 48.6 | D20: 99.5 | E20: 73.5 | F20: 163 | G20: 74.6 | H20: 72.5 | I20: 42.2 | J20: 57.5 | K20: 96.9 | L20: 93.9 | M20: 17.3 | N20: =SUM(B20:M20)
A21: Max. dnevna suma | B21: 22.2 | C21: 12.4 | D21: 24.5 | E21: 19.6 | F21: 31 | G21: 17.2 | H21: 24.3 | I21: 9.7 | J21: 20.4 | K21: 17.4 | L21: 44.6 | M21: 7.9 | N21: =MAX(B21:M21)
A22: Sr. br. dana >= 0.1 mm | B22: 18 | C22: 16 | D22: 19 | E22: 15 | F22: 23 | G22: 19 | H22: 20 | I22: 17 | J22: 12 | K22: 18 | L22: 12 | M22: 11 | N22: =SUM(B22:M22)
A23: Sr. br. dana >= 10.0 mm | B23: 4 | C23: 1 | D23: 3 | E23: 3 | F23: 5 | G23: 2 | H23: 3 | I23: 0 | J23: 3 | K23: 4 | L23: 3 | M23: 0 | N23: =SUM(B23:M23)
A24: POJAVE (broj dana sa....)
A25: snegom | B25: 14 | C25: 7 | D25: 6 | E25: 2 | F25: 0 | G25: 0 | H25: 0 | I25: 0 | J25: 0 | K25: 0 | L25: 2 | M25: 9 | N25: =SUM(B25:M25)
A26: snežnim pokrivačem | B26: 14 | C26: 7 | D26: 6 | E26: 2 | F26: 0 | G26: 0 | H26: 0 | I26: 0 | J26: 0 | K26: 0 | L26: 2 | M26: 9 | N26: =SUM(B26:M26)
A27: maglom | B27: 0 | C27: 0 | D27: 0 | E27: 0 | F27: 0 | G27: 0 | H27: 0 | I27: 0 | J27: 0 | K27: 0 | L27: 0 | M27: 0 | N27: =SUM(B27:M27)
A28: gradom | B28: 0 | C28: 0 | D28: 0 | E28: 0 | F28: 0 | G28: 0 | H28: 0 | I28: 0 | J28: 0 | K28: 0 | L28: 0 | M28: 0 | N28: =SUM(B28:M28)

Sheet 2017
A1: PROSEČNE MESEČNE, GODIŠNJE I EKSTREMNE VREDNOSTI ZA 2017. GODINU
A2: KRUŠEVAC φ 43.58°N λ 21.32°E h 166 m
A4: METEOROLOŠKI PARAMETAR | B4: jan | C4: feb | D4: mar | E4: apr | F4: maj | G4: jun | H4: jul | I4: avg | J4: sep | K4: okt | L4: nov | M4: dec | N4: god.
A5: TEMPERATURA VAZDUHA (°C)
A6: Normalna vrednost | B6: -4.9 | C6: 3.8 | D6: 9.8 | E6: 11.4 | F6: 16.5 | G6: 22.3 | H6: 24 | I6: 23.9 | J6: 18.2 | K6: 12.4 | L6: 7.1 | M6: 3.9 | N6: =AVERAGE(B6:M6)
A7: Srednja maksimalna | B7: -0.4 | C7: 9.8 | D7: 16 | E7: 17.3 | F7: 22.1 | G7: 28.3 | H7: 30.4 | I7: 30.7 | J7: 24.2 | K7: 18.5 | L7: 11.6 | M7: 8 | N7: =AVERAGE(B7:M7)
A8: Srednja minimalna | B8: -9.2 | C8: -0.7 | D8: 4.5 | E8: 5.6 | F8: 11.3 | G8: 16 | H8: 17.5 | I8: 17.5 | J8: 13 | K8: 7.7 | L8: 3.6 | M8: 0 | N8: =AVERAGE(B8:M8)
A9: Apsolutni maksimum | B9: 6.4 | C9: 20.5 | D9: 24.5 | E9: 26.9 | F9: 28.8 | G9: 36.7 | H9: 37.3 | I9: 37.9 | J9: 34.6 | K9: 25.8 | L9: 20.4 | M9: 17.3 | N9: =MAX(B9:M9)
A10: Apsolutni minimum | B10: -20.2 | C10: -6.3 | D10: -0.1 | E10: -2.2 | F10: 6.8 | G10: 10.9 | H10: 11.8 | I10: 10.4 | J10: 7.5 | K10: 2.4 | L10: -4.3 | M10: -5.5 | N10: =MIN(B10:M10)
A11: Sr. br. mraznih dana | B11: 31 | C11: 16 | D11: 1 | E11: 2 | F11: 0 | G11: 0 | H11: 0 | I11: 0 | J11: 0 | K11: 0 | L11: 3 | M11: 16 | N11: =SUM(B11:M11)
A12: Sr. br. tropskih dana | B12: 0 | C12: 0 | D12: 0 | E12: 0 | F12: 0 | G12: 9 | H12: 17 | I12: 18 | J12: 7 | K12: 0 | L12: 0 | M12: 0 | N12: =SUM(B12:M12)
A13: RELATIVNA VLAGA (%)
A14: Prosek | B14: 75 | C14: 74.7 | D14: 68.9 | E14: 64 | F14: 72.9 | G14: 65.8 | H14: 55 | I14: 56.3 | J14: 63.1 | K14: 73 | L14: 80.2 | M14: 77 | N14: =AVERAGE(B14:M14)
A15: TRAJANJE SIJANJA SUNCA (h)
A16: Prosek | B16: 180 | C16: 217.5 | D16: 262.6 | E16: 315 | F16: 358.7 | G16: 404.6 | H16: 416.6 | I16: 374.2 | J16: 280.5 | K16: 257.2 | L16: 161.4 | M16: 149.6 | N16: =SUM(B16:M16)
A17: Broj vedrih dana | B17: 7 | C17: 5 | D17: 8 | E17: 5 | F17: 6 | G17: 7 | H17: 13 | I17: 19 | J17: 5 | K17: 5 | L17: 2 | M17: 4 | N17: =SUM(B17:M17)
A18: Broj oblačnih dana | B18: 12 | C18: 9 | D18: 9 | E18: 7 | F18: 8 | G18: 2 | H18: 2 | I18: 2 | J18: 6 | K18: 6 | L18: 14 | M18: 11 | N18: =SUM(B18:M18)
A19: PADAVINE (mm)
A20: Sr. mesečna suma | B20: 34.2 | C20: 29 | D20: 33.3 | E20: 68 | F20: 89 | G20: 63.2 | H20: 35.6 | I20: 40.2 | J20: 26.9 | K20: 86.1 | L20: 51.2 | M20: 56.2 | N20: =SUM(B20:M20)
A21: Max. dnevna suma | B21: 10.3 | C21: 9.4 | D21: 6.9 | E21: 20.7 | F21: 9.4 | G21: 14.7 | H21: 16.6 | I21: 15.9 | J21: 9 | K21: 34.6 | L21: 17.6 | M21: 13.9 | N21: =MAX(B21:M21)
A22: Sr. br. dana >= 0.1 mm | B22: 13 | C22: 8 | D22: 17 | E22: 18 | F22: 25 | G22: 17 | H22: 10 | I22: 7 | J22: 12 | K22: 13 | L22: 15 | M22: 18 | N22: =SUM(B22:M22)
A23: Sr. br. dana >= 10.0 mm | B23: 1 | C23: 0 | D23: 0 | E23: 1 | F23: 0 | G23: 2 | H23: 2 | I23: 1 | J23: 0 | K23: 2 | L23: 1 | M23: 2 | N23: =SUM(B23:M23)
A24: POJAVE (broj dana sa....)
A25: snegom | B25: 13 | C25: 2 | D25: 0 | E25: 0 | F25: 0 | G25: 0 | H25: 0 | I25: 0 | J25: 0 | K25: 0 | L25: 0 | M25: 9 | N25: =SUM(B25:M25)
A26: snežnim pokrivačem | B26: 13 | C26: 2 | D26: 0 | E26: 0 | F26: 0 | G26: 0 | H26: 0 | I26: 0 | J26: 0 | K26: 0 | L26: 0 | M26: 9 | N26: =SUM(B26:M26)
A27: maglom | B27: 0 | C27: 0 | D27: 0 | E27: 0 | F27: 0 | G27: 0 | H27: 0 | I27: 0 | J27: 0 | K27: 0 | L27: 0 | M27: 0 | N27: =SUM(B27:M27)
A28: gradom | B28: 0 | C28: 0 | D28: 0 | E28: 0 | F28: 0 | G28: 0 | H28: 0 | I28: 0 | J28: 0 | K28: 0 | L28: 0 | M28: 0 | N28: =SUM(B28:M28)

Sheet 2018
A1: PROSEČNE MESEČNE, GODIŠNJE I EKSTREMNE VREDNOSTI ZA 2018. GODINU
A2: KRUŠEVAC φ 43.58°N λ 21.32°E h 166 m
A4: METEOROLOŠKI PARAMETAR | B4: jan | C4: feb | D4: mar | E4: apr | F4: maj | G4: jun | H4: jul | I4: avg | J4: sep | K4: okt | L4: nov | M4: dec | N4: god.
A5: TEMPERATURA VAZDUHA (°C)
A6: Normalna vrednost | B6: 2.4 | C6: 2.1 | D6: 5.9 | E6: 16.1 | F6: 18.9 | G6: 20.5 | H6: 21.3 | I6: 22.8 | J6: 17.8 | K6: 13.9 | L6: 7.4 | M6: 1.2 | N6: =AVERAGE(B6:M6)
A7: Srednja maksimalna | B7: 7.9 | C7: 6.5 | D7: 11.7 | E7: 22.9 | F7: 25 | G7: 25.5 | H7: 26 | I7: 28.7 | J7: 24.1 | K7: 20.6 | L7: 12.5 | M7: 5.2 | N7: =AVERAGE(B7:M7)
A8: Srednja minimalna | B8: -1.9 | C8: -1.4 | D8: 0.9 | E8: 10.1 | F8: 13.1 | G8: 16.1 | H8: 17.2 | I8: 17.7 | J8: 12.7 | K8: 8.9 | L8: 3.6 | M8: -2.3 | N8: =AVERAGE(B8:M8)
A9: Apsolutni maksimum | B9: 13.5 | C9: 17.1 | D9: 24.9 | E9: 28.5 | F9: 29.4 | G9: 32.7 | H9: 31.2 | I9: 31.9 | J9: 31.4 | K9: 25 | L9: 24.2 | M9: 10.4 | N9: =MAX(B9:M9)
A10: Apsolutni minimum | B10: -7.1 | C10: -14.9 | D10: -16.4 | E10: 4.2 | F10: 8.3 | G10: 8.5 | H10: 13.2 | I10: 15.1 | J10: 2.4 | K10: 4.3 | L10: -8.5 | M10: -9.3 | N10: =MIN(B10:M10)
A11: Sr. br. mraznih dana | B11: 23 | C11: 15 | D11: 15 | E11: 0 | F11: 0 | G11: 0 | H11: 0 | I11: 0 | J11: 0 | K11: 0 | L11: 5 | M11: 24 | N11: =SUM(B11:M11)
A12: Sr. br. tropskih dana | B12: 0 | C12: 0 | D12: 0 | E12: 0 | F12: 0 | G12: 3 | H12: 2 | I12: 10 | J12: 2 | K12: 0 | L12: 0 | M12: 0 | N12: =SUM(B12:M12)
A13: RELATIVNA VLAGA (%)
A14: Prosek | B14: 77.4 | C14: 77.9 | D14: 75.2 | E14: 66.9 | F14: 70.7 | G14: 76.4 | H14: 79.7 | I14: 74.1 | J14: 70.4 | K14: 69.5 | L14: 79.2 | M14: 83.7 | N14: =AVERAGE(B14:M14)
A15: TRAJANJE SIJANJA SUNCA (h)
A16: Prosek | B16: 186.8 | C16: 151.9 | D16: 198.1 | E16: 317.7 | F16: 391 | G16: 296.8 | H16: 336.8 | I16: 360.6 | J16: 329.7 | K16: 271.3 | L16: 181.1 | M16: 134.3 | N16: =SUM(B16:M16)
A17: Broj vedrih dana | B17: 4 | C17: 0 | D17: 2 | E17: 7 | F17: 5 | G17: 0 | H17: 3 | I17: 13 | J17: 7 | K17: 10 | L17: 4 | M17: 2 | N17: =SUM(B17:M17)
A18: Broj oblačnih dana | B18: 13 | C18: 17 | D18: 20 | E18: 6 | F18: 1 | G18: 10 | H18: 12 | I18: 4 | J18: 1 | K18: 4 | L18: 12 | M18: 12 | N18: =SUM(B18:M18)
A19: PADAVINE (mm)
A20: Sr. mesečna suma | B20: 46.2 | C20: 69.8 | D20: 109.1 | E20: 37.5 | F20: 88.5 | G20: 257.8 | H20: 206.9 | I20: 58 | J20: 36.6 | K20: 13.8 | L20: 77.3 | M20: 68.8 | N20: =SUM(B20:M20)
A21: Max. dnevna suma | B21: 10.2 | C21: 11.2 | D21: 20.3 | E21: 12.8 | F21: 18.9 | G21: 60.3 | H21: 21.2 | I21: 13.8 | J21: 11.7 | K21: 3.9 | L21: 26.6 | M21: 9.4 | N21: =MAX(B21:M21)
A22: Sr. br. dana >= 0.1 mm | B22: 14 | C22: 21 | D22: 25 | E22: 13 | F22: 22 | G22: 25 | H22: 27 | I22: 14 | J22: 11 | K22: 9 | L22: 14 | M22: 22 | N22: =SUM(B22:M22)
A23: Sr. br. dana >= 10.0 mm | B23: 1 | C23: 1 | D23: 1 | E23: 1 | F23: 4 | G23: 11 | H23: 9 | I23: 3 | J23: 1 | K23: 0 | L23: 2 | M23: 0 | N23: =SUM(B23:M23)
A24: POJAVE (broj dana sa....)
A25: snegom | B25: 6 | C25: 12 | D25: 12 | E25: 0 | F25: 0 | G25: 0 | H25: 0 | I25: 0 | J25: 0 | K25: 0 | L25: 5 | M25: 10 | N25: =SUM(B25:M25)
A26: snežnim pokrivačem | B26: 6 | C26: 12 | D26: 12 | E26: 0 | F26: 0 | G26: 0 | H26: 0 | I26: 0 | J26: 0 | K26: 0 | L26: 5 | M26: 10 | N26: =SUM(B26:M26)
A27: maglom | B27: 0 | C27: 0 | D27: 0 | E27: 0 | F27: 0 | G27: 0 | H27: 0 | I27: 0 | J27: 0 | K27: 0 | L27: 0 | M27: 0 | N27: =SUM(B27:M27)
A28: gradom | B28: 0 | C28: 0 | D28: 0 | E28: 0 | F28: 0 | G28: 0 | H28: 0 | I28: 0 | J28: 0 | K28: 0 | L28: 0 | M28: 0 | N28: =SUM(B28:M28)

Sheet 2019
A1: PROSEČNE MESEČNE, GODIŠNJE I EKSTREMNE VREDNOSTI ZA 2019. GODINU
A2: KRUŠEVAC φ 43.58°N λ 21.32°E h 166 m
A4: METEOROLOŠKI PARAMETAR | B4: jan | C4: feb | D4: mar | E4: apr | F4: maj | G4: jun | H4: jul | I4: avg | J4: sep | K4: okt | L4: nov | M4: dec | N4: god.
A5: TEMPERATURA VAZDUHA (°C)
A6: Normalna vrednost | B6: -0.6 | C6: 3.5 | D6: 8.7 | E6: 12.8 | F6: 14.8 | G6: 22 | H6: 22.4 | I6: 23.3 | J6: 18.3 | K6: 14.3 | L6: 11.5 | M6: 3.6 | N6: =AVERAGE(B6:M6)
A7: Srednja maksimalna | B7: 2.8 | C7: 9 | D7: 15.6 | E7: 18.8 | F7: 20.2 | G7: 27.6 | H7: 28.2 | I7: 29.8 | J7: 24.4 | K7: 21.5 | L7: 16.2 | M7: 8 | N7: =AVERAGE(B7:M7)
A8: Srednja minimalna | B8: -3.8 | C8: -0.8 | D8: 2.8 | E8: 7.5 | F8: 9.8 | G8: 16.7 | H8: 16.5 | I8: 17.7 | J8: 13 | K8: 8.7 | L8: 7.3 | M8: 0.3 | N8: =AVERAGE(B8:M8)
A9: Apsolutni maksimum | B9: 10.2 | C9: 17.2 | D9: 22.1 | E9: 27.9 | F9: 26.9 | G9: 33.2 | H9: 35.5 | I9: 34.2 | J9: 31.2 | K9: 27.3 | L9: 22.6 | M9: 16.4 | N9: =MAX(B9:M9)
A10: Apsolutni minimum | B10: -10.4 | C10: -7.7 | D10: -1.8 | E10: 2.3 | F10: 5.1 | G10: 10.6 | H10: 10.9 | I10: 11.3 | J10: 4.6 | K10: 4.7 | L10: 0.5 | M10: -5.8 | N10: =MIN(B10:M10)
A11: Sr. br. mraznih dana | B11: 31 | C11: 19 | D11: 3 | E11: 0 | F11: 0 | G11: 0 | H11: 0 | I11: 0 | J11: 0 | K11: 0 | L11: 0 | M11: 16 | N11: =SUM(B11:M11)
A12: Sr. br. tropskih dana | B12: 0 | C12: 0 | D12: 0 | E12: 0 | F12: 0 | G12: 8 | H12: 10 | I12: 19 | J12: 1 | K12: 0 | L12: 0 | M12: 0 | N12: =SUM(B12:M12)
A13: RELATIVNA VLAGA (%)
A14: Prosek | B14: 83.6 | C14: 72.4 | D14: 62.1 | E14: 64.4 | F14: 72.4 | G14: 75.1 | H14: 68.7 | I14: 67 | J14: 69.9 | K14: 73.4 | L14: 78.4 | M14: 82.9 | N14: =AVERAGE(B14:M14)
A15: TRAJANJE SIJANJA SUNCA (h)
A16: Prosek | B16: 101.2 | C16: 170.3 | D16: 281 | E16: 290.4 | F16: 287.2 | G16: 372.5 | H16: 393.8 | I16: 394.6 | J16: 304.8 | K16: 287.1 | L16: 174.4 | M16: 154.5 | N16: =SUM(B16:M16)
A17: Broj vedrih dana | B17: 1 | C17: 5 | D17: 10 | E17: 4 | F17: 0 | G17: 5 | H17: 9 | I17: 14 | J17: 9 | K17: 17 | L17: 0 | M17: 4 | N17: =SUM(B17:M17)
A18: Broj oblačnih dana | B18: 19 | C18: 9 | D18: 4 | E18: 9 | F18: 13 | G18: 6 | H18: 3 | I18: 0 | J18: 3 | K18: 4 | L18: 11 | M18: 13 | N18: =SUM(B18:M18)
A19: PADAVINE (mm)
A20: Sr. mesečna suma | B20: 92.5 | C20: 41.7 | D20: 17.2 | E20: 73.9 | F20: 74.8 | G20: 106.8 | H20: 86.9 | I20: 31.7 | J20: 22.6 | K20: 17.4 | L20: 66.1 | M20: 60.2 | N20: =SUM(B20:M20)
A21: Max. dnevna suma | B21: 19.3 | C21: 11.8 | D21: 8.8 | E21: 16.7 | F21: 17.3 | G21: 26.9 | H21: 24.6 | I21: 9.6 | J21: 8.4 | K21: 8.1 | L21: 19.6 | M21: 10.3 | N21: =MAX(B21:M21)
A22: Sr. br. dana >= 0.1 mm | B22: 25 | C22: 14 | D22: 6 | E22: 20 | F22: 25 | G22: 21 | H22: 18 | I22: 10 | J22: 10 | K22: 8 | L22: 16 | M22: 19 | N22: =SUM(B22:M22)
A23: Sr. br. dana >= 10.0 mm | B23: 3 | C23: 2 | D23: 0 | E23: 3 | F23: 2 | G23: 3 | H23: 2 | I23: 0 | J23: 0 | K23: 0 | L23: 2 | M23: 1 | N23: =SUM(B23:M23)
A24: POJAVE (broj dana sa....)
A25: snegom | B25: 20 | C25: 6 | D25: 2 | E25: 0 | F25: 0 | G25: 0 | H25: 0 | I25: 0 | J25: 0 | K25: 0 | L25: 0 | M25: 5 | N25: =SUM(B25:M25)
A26: snežnim pokrivačem | B26: 20 | C26: 6 | D26: 2 | E26: 0 | F26: 0 | G26: 0 | H26: 0 | I26: 0 | J26: 0 | K26: 0 | L26: 0 | M26: 5 | N26: =SUM(B26:M26)
A27: maglom | B27: 0 | C27: 0 | D27: 0 | E27: 0 | F27: 0 | G27: 0 | H27: 0 | I27: 0 | J27: 0 | K27: 0 | L27: 0 | M27: 0 | N27: =SUM(B27:M27)
A28: gradom | B28: 0 | C28: 0 | D28: 0 | E28: 0 | F28: 0 | G28: 0 | H28: 0 | I28: 0 | J28: 0 | K28: 0 | L28: 0 | M28: 0 | N28: =SUM(B28:M28)

Sheet 2020
A1: PROSEČNE MESEČNE, GODIŠNJE I EKSTREMNE VREDNOSTI ZA 2020. GODINU
A2: KRUŠEVAC φ 43.58°N λ 21.32°E h 166 m
A4: METEOROLOŠKI PARAMETAR | B4: jan | C4: feb | D4: mar | E4: apr | F4: maj | G4: jun | H4: jul | I4: avg | J4: sep | K4: okt | L4: nov | M4: dec | N4: god.
A5: TEMPERATURA VAZDUHA (°C)
A6: Normalna vrednost | B6: 0.7 | C6: 4.9 | D6: 7.4 | E6: 11.3 | F6: 15.8 | G6: 19.6 | H6: 21.7 | I6: 22.4 | J6: 19.5 | K6: 13.4 | L6: 5.9 | M6: 4.5 | N6: =AVERAGE(B6:M6)
A7: Srednja maksimalna | B7: 5.9 | C7: 11.2 | D7: 13 | E7: 18.2 | F7: 21.3 | G7: 24.3 | H7: 27.3 | I7: 28.5 | J7: 25.8 | K7: 19.5 | L7: 10.7 | M7: 9.1 | N7: =AVERAGE(B7:M7)
A8: Srednja minimalna | B8: -3 | C8: -0.3 | D8: 2.5 | E8: 5.1 | F8: 10.7 | G8: 14.8 | H8: 15.9 | I8: 17.1 | J8: 13.8 | K8: 8.6 | L8: 2.4 | M8: 1.4 | N8: =AVERAGE(B8:M8)
A9: Apsolutni maksimum | B9: 13.7 | C9: 19.4 | D9: 21.9 | E9: 26.6 | F9: 34.7 | G9: 31.2 | H9: 33.2 | I9: 34.8 | J9: 29.6 | K9: 29.2 | L9: 20.1 | M9: 16.5 | N9: =MAX(B9:M9)
A10: Apsolutni minimum | B10: -5.9 | C10: -4.6 | D10: -2.1 | E10: -1.4 | F10: 4.3 | G10: 7.3 | H10: 10.5 | I10: 12.5 | J10: 8.9 | K10: 2.5 | L10: -4.4 | M10: -4.4 | N10: =MIN(B10:M10)
A11: Sr. br. mraznih dana | B11: 28 | C11: 16 | D11: 7 | E11: 3 | F11: 0 | G11: 0 | H11: 0 | I11: 0 | J11: 0 | K11: 0 | L11: 8 | M11: 9 | N11: =SUM(B11:M11)
A12: Sr. br. tropskih dana | B12: 0 | C12: 0 | D12: 0 | E12: 0 | F12: 1 | G12: 2 | H12: 9 | I12: 9 | J12: 0 | K12: 0 | L12: 0 | M12: 0 | N12: =SUM(B12:M12)
A13: RELATIVNA VLAGA (%)
A14: Prosek | B14: 78.2 | C14: 72.9 | D14: 67.5 | E14: 60.5 | F14: 68.9 | G14: 75.6 | H14: 71.6 | I14: 74.5 | J14: 64.5 | K14: 78.2 | L14: 86.3 | M14: 84.5 | N14: =AVERAGE(B14:M14)
A15: TRAJANJE SIJANJA SUNCA (h)
A16: Prosek | B16: 218.2 | C16: 206.3 | D16: 229.5 | E16: 319.6 | F16: 301.7 | G16: 341.9 | H16: 390.2 | I16: 361.3 | J16: 338.7 | K16: 235.9 | L16: 188.3 | M16: 185.3 | N16: =SUM(B16:M16)
A17: Broj vedrih dana | B17: 5 | C17: 3 | D17: 5 | E17: 10 | F17: 1 | G17: 2 | H17: 11 | I17: 13 | J17: 12 | K17: 2 | L17: 1 | M17: 1 | N17: =SUM(B17:M17)
A18: Broj oblačnih dana | B18: 4 | C18: 7 | D18: 13 | E18: 5 | F18: 11 | G18: 8 | H18: 2 | I18: 4 | J18: 1 | K18: 11 | L18: 8 | M18: 11 | N18: =SUM(B18:M18)
A19: PADAVINE (mm)
A20: Sr. mesečna suma | B20: 24.8 | C20: 59.1 | D20: 78.1 | E20: 35.3 | F20: 87.7 | G20: 130.6 | H20: 60.8 | I20: 115.4 | J20: 23.5 | K20: 94.7 | L20: 8.7 | M20: 53.6 | N20: =SUM(B20:M20)
A21: Max. dnevna suma | B21: 14 | C21: 12.5 | D21: 17 | E21: 15.2 | F21: 19 | G21: 48.5 | H21: 20.6 | I21: 23.9 | J21: 11.1 | K21: 25.5 | L21: 1.9 | M21: 23.3 | N21: =MAX(B21:M21)
A22: Sr. br. dana >= 0.1 mm | B22: 5 | C22: 16 | D22: 16 | E22: 10 | F22: 21 | G22: 25 | H22: 15 | I22: 16 | J22: 5 | K22: 12 | L22: 9 | M22: 12 | N22: =SUM(B22:M22)
A23: Sr. br. dana >= 10.0 mm | B23: 1 | C23: 1 | D23: 3 | E23: 1 | F23: 1 | G23: 3 | H23: 1 | I23: 5 | J23: 1 | K23: 4 | L23: 0 | M23: 1 | N23: =SUM(B23:M23)
A24: POJAVE (broj dana sa....)
A25: snegom | B25: 2 | C25: 5 | D25: 4 | E25: 1 | F25: 0 | G25: 0 | H25: 0 | I25: 0 | J25: 0 | K25: 0 | L25: 0 | M25: 2 | N25: =SUM(B25:M25)
A26: snežnim pokrivačem | B26: 2 | C26: 5 | D26: 4 | E26: 1 | F26: 0 | G26: 0 | H26: 0 | I26: 0 | J26: 0 | K26: 0 | L26: 0 | M26: 2 | N26: =SUM(B26:M26)
A27: maglom | B27: 0 | C27: 0 | D27: 0 | E27: 0 | F27: 0 | G27: 0 | H27: 0 | I27: 0 | J27: 0 | K27: 0 | L27: 0 | M27: 0 | N27: =SUM(B27:M27)
A28: gradom | B28: 0 | C28: 0 | D28: 0 | E28: 0 | F28: 0 | G28: 0 | H28: 0 | I28: 0 | J28: 0 | K28: 0 | L28: 0 | M28: 0 | N28: =SUM(B28:M28)

Sheet 2021
A1: PROSEČNE MESEČNE, GODIŠNJE I EKSTREMNE VREDNOSTI ZA 2021. GODINU
A2: KRUŠEVAC φ 43.58°N λ 21.32°E h 166 m
A4: METEOROLOŠKI PARAMETAR | B4: jan | C4: feb | D4: mar | E4: apr | F4: maj | G4: jun | H4: jul | I4: avg | J4: sep | K4: okt | L4: nov | M4: dec | N4: god.
A5: TEMPERATURA VAZDUHA (°C)
A6: Normalna vrednost | B6: 2.6 | C6: 5 | D6: 4.8 | E6: 9.1 | F6: 16.7 | G6: 21.2 | H6: 24.5 | I6: 22.4 | J6: 17.3 | K6: 10 | L6: 8.2 | M6: 3.6 | N6: =AVERAGE(B6:M6)
A7: Srednja maksimalna | B7: 6.7 | C7: 11.4 | D7: 10.9 | E7: 15.2 | F7: 23 | G7: 27.2 | H7: 30.5 | I7: 28.8 | J7: 23.7 | K7: 15.3 | L7: 13.2 | M7: 7.3 | N7: =AVERAGE(B7:M7)
A8: Srednja minimalna | B8: -1.2 | C8: -0.2 | D8: -0.1 | E8: 3.6 | F8: 10.7 | G8: 14.6 | H8: 18.5 | I8: 16.5 | J8: 11.9 | K8: 5.8 | L8: 4.3 | M8: 0.1 | N8: =AVERAGE(B8:M8)
A9: Apsolutni maksimum | B9: 14.6 | C9: 18 | D9: 18.1 | E9: 27.8 | F9: 32.4 | G9: 37.9 | H9: 37.3 | I9: 38 | J9: 30.1 | K9: 23.7 | L9: 24.2 | M9: 14.3 | N9: =MAX(B9:M9)
A10: Apsolutni minimum | B10: -14.5 | C10: -7.4 | D10: -5.3 | E10: -3 | F10: 4 | G10: 7.6 | H10: 14.3 | I10: 11.9 | J10: 5.3 | K10: 0.4 | L10: -1.7 | M10: -7 | N10: =MIN(B10:M10)
A11: Sr. br. mraznih dana | B11: 15 | C11: 13 | D11: 15 | E11: 4 | F11: 0 | G11: 0 | H11: 0 | I11: 0 | J11: 0 | K11: 0 | L11: 4 | M11: 14 | N11: =SUM(B11:M11)
A12: Sr. br. tropskih dana | B12: 0 | C12: 0 | D12: 0 | E12: 0 | F12: 2 | G12: 7 | H12: 19 | I12: 13 | J12: 1 | K12: 0 | L12: 0 | M12: 0 | N12: =SUM(B12:M12)
A13: RELATIVNA VLAGA (%)
A14: Prosek | B14: 79.4 | C14: 72 | D14: 69.8 | E14: 68.4 | F14: 61.8 | G14: 67.6 | H14: 64.6 | I14: 63.4 | J14: 66.8 | K14: 76.9 | L14: 79.3 | M14: 79.3 | N14: =AVERAGE(B14:M14)
A15: TRAJANJE SIJANJA SUNCA (h)
A16: Prosek | B16: 152.5 | C16: 220.7 | D16: 238.6 | E16: 284.1 | F16: 372.7 | G16: 415.9 | H16: 420.7 | I16: 380.7 | J16: 326.4 | K16: 209.2 | L16: 170.9 | M16: 105.1 | N16: =SUM(B16:M16)
A17: Broj vedrih dana | B17: 1 | C17: 5 | D17: 8 | E17: 2 | F17: 3 | G17: 6 | H17: 14 | I17: 18 | J17: 8 | K17: 12 | L17: 2 | M17: 0 | N17: =SUM(B17:M17)
A18: Broj oblačnih dana | B18: 14 | C18: 4 | D18: 10 | E18: 7 | F18: 4 | G18: 1 | H18: 1 | I18: 1 | J18: 4 | K18: 11 | L18: 16 | M18: 18 | N18: =SUM(B18:M18)
A19: PADAVINE (mm)
A20: Sr. mesečna suma | B20: 115.3 | C20: 25 | D20: 70.7 | E20: 43.6 | F20: 40.9 | G20: 44.4 | H20: 76.1 | I20: 11.9 | J20: 18.7 | K20: 55.4 | L20: 45.8 | M20: 93 | N20: =SUM(B20:M20)
A21: Max. dnevna suma | B21: 24.9 | C21: 9.3 | D21: 19.5 | E21: 7.8 | F21: 12.8 | G21: 10.6 | H21: 34.1 | I21: 4.4 | J21: 6.3 | K21: 10.9 | L21: 16 | M21: 19.9 | N21: =MAX(B21:M21)
A22: Sr. br. dana >= 0.1 mm | B22: 21 | C22: 11 | D22: 15 | E22: 18 | F22: 16 | G22: 18 | H22: 12 | I22: 8 | J22: 11 | K22: 13 | L22: 13 | M22: 22 | N22: =SUM(B22:M22)
A23: Sr. br. dana >= 10.0 mm | B23: 3 | C23: 0 | D23: 2 | E23: 0 | F23: 1 | G23: 1 | H23: 2 | I23: 0 | J23: 0 | K23: 1 | L23: 2 | M23: 3 | N23: =SUM(B23:M23)
A24: POJAVE (broj dana sa....)
A25: snegom | B25: 13 | C25: 3 | D25: 7 | E25: 3 | F25: 0 | G25: 0 | H25: 0 | I25: 0 | J25: 0 | K25: 0 | L25: 1 | M25: 9 | N25: =SUM(B25:M25)
A26: snežnim pokrivačem | B26: 13 | C26: 3 | D26: 7 | E26: 3 | F26: 0 | G26: 0 | H26: 0 | I26: 0 | J26: 0 | K26: 0 | L26: 1 | M26: 9 | N26: =SUM(B26:M26)
A27: maglom | B27: 0 | C27: 0 | D27: 0 | E27: 0 | F27: 0 | G27: 0 | H27: 0 | I27: 0 | J27: 0 | K27: 0 | L27: 0 | M27: 0 | N27: =SUM(B27:M27)
A28: gradom | B28: 0 | C28: 0 | D28: 0 | E28: 0 | F28: 0 | G28: 0 | H28: 0 | I28: 0 | J28: 0 | K28: 0 | L28: 0 | M28: 0 | N28: =SUM(B28:M28)

Sheet 2022
A1: PROSEČNE MESEČNE, GODIŠNJE I EKSTREMNE VREDNOSTI ZA 2022. GODINU
A2: KRUŠEVAC φ 43.58°N λ 21.32°E h 166 m
A4: METEOROLOŠKI PARAMETAR | B4: jan | C4: feb | D4: mar | E4: apr | F4: maj | G4: jun | H4: jul | I4: avg | J4: sep | K4: okt | L4: nov | M4: dec | N4: god.
A5: TEMPERATURA VAZDUHA (°C)
A6: Normalna vrednost | B6: 0.5 | C6: 4.8 | D6: 4.3 | E6: 11.4 | F6: 18.4 | G6: 21.9 | H6: 23.9 | I6: 23.1 | J6: 17 | K6: 13.5 | L6: 9.2 | M6: 5.2 | N6: =AVERAGE(B6:M6)
A7: Srednja maksimalna | B7: 5 | C7: 10.2 | D7: 10.9 | E7: 17.6 | F7: 25.3 | G7: 28.1 | H7: 30.4 | I7: 28.9 | J7: 22.9 | K7: 20.4 | L7: 13.9 | M7: 10.1 | N7: =AVERAGE(B7:M7)
A8: Srednja minimalna | B8: -4 | C8: 0.4 | D8: -1.4 | E8: 5.3 | F8: 11.4 | G8: 16 | H8: 17.4 | I8: 17.8 | J8: 12.1 | K8: 8 | L8: 5.2 | M8: 1.4 | N8: =AVERAGE(B8:M8)
A9: Apsolutni maksimum | B9: 14.5 | C9: 17.6 | D9: 21.3 | E9: 26.6 | F9: 32.5 | G9: 32.2 | H9: 37.2 | I9: 36.3 | J9: 29.6 | K9: 24.8 | L9: 23.1 | M9: 18.3 | N9: =MAX(B9:M9)
A10: Apsolutni minimum | B10: -14.5 | C10: -3.6 | D10: -8 | E10: -1.3 | F10: 5.3 | G10: 12.3 | H10: 12.3 | I10: 15 | J10: 4 | K10: 2.4 | L10: -1.1 | M10: -6.1 | N10: =MIN(B10:M10)
A11: Sr. br. mraznih dana | B11: 26 | C11: 12 | D11: 22 | E11: 4 | F11: 0 | G11: 0 | H11: 0 | I11: 0 | J11: 0 | K11: 0 | L11: 3 | M11: 12 | N11: =SUM(B11:M11)
A12: Sr. br. tropskih dana | B12: 0 | C12: 0 | D12: 0 | E12: 0 | F12: 1 | G12: 9 | H12: 18 | I12: 13 | J12: 0 | K12: 0 | L12: 0 | M12: 0 | N12: =SUM(B12:M12)
A13: RELATIVNA VLAGA (%)
A14: Prosek | B14: 77.7 | C14: 72.9 | D14: 61.1 | E14: 62.7 | F14: 59.6 | G14: 69.7 | H14: 56.9 | I14: 68.1 | J14: 74.9 | K14: 76.3 | L14: 82.7 | M14: 83.4 | N14: =AVERAGE(B14:M14)
A15: TRAJANJE SIJANJA SUNCA (h)
A16: Prosek | B16: 170.5 | C16: 175.1 | D16: 276.9 | E16: 292.4 | F16: 395.6 | G16: 393.3 | H16: 423.4 | I16: 350 | J16: 291.3 | K16: 289.8 | L16: 151.3 | M16: 175.4 | N16: =SUM(B16:M16)
A17: Broj vedrih dana | B17: 4 | C17: 4 | D17: 12 | E17: 5 | F17: 4 | G17: 9 | H17: 15 | I17: 11 | J17: 1 | K17: 7 | L17: 3 | M17: 1 | N17: =SUM(B17:M17)
A18: Broj oblačnih dana | B18: 9 | C18: 10 | D18: 9 | E18: 9 | F18: 5 | G18: 4 | H18: 2 | I18: 6 | J18: 7 | K18: 5 | L18: 15 | M18: 13 | N18: =SUM(B18:M18)
A19: PADAVINE (mm)
A20: Sr. mesečna suma | B20: 39.5 | C20: 49 | D20: 34.3 | E20: 30.7 | F20: 56.2 | G20: 93 | H20: 30.3 | I20: 112.1 | J20: 79.6 | K20: 22.4 | L20: 109 | M20: 66 | N20: =SUM(B20:M20)
A21: Max. dnevna suma | B21: 16.1 | C21: 7 | D21: 10 | E21: 8.9 | F21: 19.6 | G21: 23.8 | H21: 8.9 | I21: 35 | J21: 28 | K21: 13.5 | L21: 35 | M21: 11.3 | N21: =MAX(B21:M21)
A22: Sr. br. dana >= 0.1 mm | B22: 18 | C22: 16 | D22: 12 | E22: 19 | F22: 9 | G22: 20 | H22: 10 | I22: 16 | J22: 19 | K22: 7 | L22: 18 | M22: 17 | N22: =SUM(B22:M22)
A23: Sr. br. dana >= 10.0 mm | B23: 1 | C23: 0 | D23: 1 | E23: 0 | F23: 3 | G23: 2 | H23: 0 | I23: 3 | J23: 2 | K23: 1 | L23: 3 | M23: 3 | N23: =SUM(B23:M23)
A24: POJAVE (broj dana sa....)
A25: snegom | B25: 14 | C25: 7 | D25: 8 | E25: 0 | F25: 0 | G25: 0 | H25: 0 | I25: 0 | J25: 0 | K25: 0 | L25: 0 | M25: 2 | N25: =SUM(B25:M25)
A26: snežnim pokrivačem | B26: 14 | C26: 7 | D26: 8 | E26: 0 | F26: 0 | G26: 0 | H26: 0 | I26: 0 | J26: 0 | K26: 0 | L26: 0 | M26: 2 | N26: =SUM(B26:M26)
A27: maglom | B27: 0 | C27: 0 | D27: 0 | E27: 0 | F27: 0 | G27: 0 | H27: 0 | I27: 0 | J27: 0 | K27: 0 | L27: 0 | M27: 0 | N27: =SUM(B27:M27)
A28: gradom | B28: 0 | C28: 0 | D28: 0 | E28: 0 | F28: 0 | G28: 0 | H28: 0 | I28: 0 | J28: 0 | K28: 0 | L28: 0 | M28: 0 | N28: =SUM(B28:M28)

Sheet 2023
A1: PROSEČNE MESEČNE, GODIŠNJE I EKSTREMNE VREDNOSTI ZA 2023. GODINU
A2: KRUŠEVAC φ 43.58°N λ 21.32°E h 166 m
A4: METEOROLOŠKI PARAMETAR | B4: jan | C4: feb | D4: mar | E4: apr | F4: maj | G4: jun | H4: jul | I4: avg | J4: sep | K4: okt | L4: nov | M4: dec | N4: god.
A5: TEMPERATURA VAZDUHA (°C)
A6: Normalna vrednost | B6: 4.3 | C6: 3.3 | D6: 8.2 | E6: 10 | F6: 16.1 | G6: 19.7 | H6: 24.1 | I6: 23.1 | J6: 20.5 | K6: 16.2 | L6: 8.6 | M6: 4.8 | N6: =AVERAGE(B6:M6)
A7: Srednja maksimalna | B7: 8.2 | C7: 9.3 | D7: 14.4 | E7: 15.1 | F7: 21.2 | G7: 24.3 | H7: 30.6 | I7: 29.2 | J7: 26.8 | K7: 23 | L7: 13.7 | M7: 9.7 | N7: =AVERAGE(B7:M7)
A8: Srednja minimalna | B8: 1.1 | C8: -1.2 | D8: 3 | E8: 5.1 | F8: 11.5 | G8: 15.2 | H8: 18 | I8: 17.4 | J8: 15.4 | K8: 10.9 | L8: 4.4 | M8: 1.2 | N8: =AVERAGE(B8:M8)
A9: Apsolutni maksimum | B9: 16.2 | C9: 18.3 | D9: 22.6 | E9: 22.4 | F9: 25.1 | G9: 32.2 | H9: 38.8 | I9: 36 | J9: 34 | K9: 28.5 | L9: 22 | M9: 20.7 | N9: =MAX(B9:M9)
A10: Apsolutni minimum | B10: -2.6 | C10: -7.3 | D10: -3.4 | E10: -0.2 | F10: 7 | G10: 10.5 | H10: 11.5 | I10: 10.5 | J10: 10.3 | K10: 3.7 | L10: -3 | M10: -3.7 | N10: =MIN(B10:M10)
A11: Sr. br. mraznih dana | B11: 13 | C11: 14 | D11: 8 | E11: 1 | F11: 0 | G11: 0 | H11: 0 | I11: 0 | J11: 0 | K11: 0 | L11: 3 | M11: 13 | N11: =SUM(B11:M11)
A12: Sr. br. tropskih dana | B12: 0 | C12: 0 | D12: 0 | E12: 0 | F12: 0 | G12: 3 | H12: 17 | I12: 14 | J12: 4 | K12: 0 | L12: 0 | M12: 0 | N12: =SUM(B12:M12)
A13: RELATIVNA VLAGA (%)
A14: Prosek | B14: 83 | C14: 71.3 | D14: 69.3 | E14: 71.6 | F14: 76.2 | G14: 80 | H14: 69.9 | I14: 70.3 | J14: 69.2 | K14: 70.4 | L14: 79.6 | M14: 81.4 | N14: =AVERAGE(B14:M14)
A15: TRAJANJE SIJANJA SUNCA (h)
A16: Prosek | B16: 130.7 | C16: 189.6 | D16: 265.9 | E16: 244.5 | F16: 302.6 | G16: 290.8 | H16: 422.8 | I16: 387.1 | J16: 325.4 | K16: 284.2 | L16: 160.3 | M16: 173 | N16: =SUM(B16:M16)
A17: Broj vedrih dana | B17: 0 | C17: 5 | D17: 1 | E17: 0 | F17: 3 | G17: 3 | H17: 14 | I17: 13 | J17: 11 | K17: 6 | L17: 0 | M17: 5 | N17: =SUM(B17:M17)
A18: Broj oblačnih dana | B18: 19 | C18: 12 | D18: 13 | E18: 11 | F18: 14 | G18: 17 | H18: 0 | I18: 0 | J18: 3 | K18: 4 | L18: 10 | M18: 16 | N18: =SUM(B18:M18)
A19: PADAVINE (mm)
A20: Sr. mesečna suma | B20: 79.3 | C20: 28 | D20: 41.1 | E20: 94.7 | F20: 97.3 | G20: 190.5 | H20: 63.4 | I20: 66.1 | J20: 75.3 | K20: 33.5 | L20: 148.5 | M20: 37.4 | N20: =SUM(B20:M20)
A21: Max. dnevna suma | B21: 20 | C21: 10.7 | D21: 9 | E21: 25.2 | F21: 16.1 | G21: 32.4 | H21: 13.1 | I21: 34 | J21: 37.6 | K21: 12 | L21: 28.5 | M21: 17.1 | N21: =MAX(B21:M21)
A22: Sr. br. dana >= 0.1 mm | B22: 19 | C22: 12 | D22: 18 | E22: 24 | F22: 24 | G22: 25 | H22: 15 | I22: 14 | J22: 13 | K22: 10 | L22: 19 | M22: 12 | N22: =SUM(B22:M22)
A23: Sr. br. dana >= 10.0 mm | B23: 2 | C23: 1 | D23: 0 | E23: 2 | F23: 1 | G23: 6 | H23: 3 | I23: 2 | J23: 2 | K23: 1 | L23: 4 | M23: 1 | N23: =SUM(B23:M23)
A24: POJAVE (broj dana sa....)
A25: snegom | B25: 9 | C25: 5 | D25: 1 | E25: 2 | F25: 0 | G25: 0 | H25: 0 | I25: 0 | J25: 0 | K25: 0 | L25: 2 | M25: 2 | N25: =SUM(B25:M25)
A26: snežnim pokrivačem | B26: 9 | C26: 5 | D26: 1 | E26: 2 | F26: 0 | G26: 0 | H26: 0 | I26: 0 | J26: 0 | K26: 0 | L26: 2 | M26: 2 | N26: =SUM(B26:M26)
A27: maglom | B27: 0 | C27: 0 | D27: 0 | E27: 0 | F27: 0 | G27: 0 | H27: 0 | I27: 0 | J27: 0 | K27: 0 | L27: 0 | M27: 0 | N27: =SUM(B27:M27)
A28: gradom | B28: 0 | C28: 0 | D28: 0 | E28: 0 | F28: 0 | G28: 0 | H28: 0 | I28: 0 | J28: 0 | K28: 0 | L28: 0 | M28: 0 | N28: =SUM(B28:M28)

Sheet 2024
A1: PROSEČNE MESEČNE, GODIŠNJE I EKSTREMNE VREDNOSTI ZA 2024. GODINU
A2: KRUŠEVAC φ 43.58°N λ 21.32°E h 166 m
A4: METEOROLOŠKI PARAMETAR | B4: jan | C4: feb | D4: mar | E4: apr | F4: maj | G4: jun | H4: jul | I4: avg | J4: sep | K4: okt | L4: nov | M4: dec | N4: god.
A5: TEMPERATURA VAZDUHA (°C)
A6: Normalna vrednost | B6: 2.3 | C6: 7.9 | D6: 10.3 | E6: 14.3 | F6: 17 | G6: 23.5 | H6: 25.7 | I6: 25.5 | J6: 19 | K6: 13.5 | L6: 5.1 | M6: 3 | N6: =AVERAGE(B6:M6)
A7: Srednja maksimalna | B7: 7.5 | C7: 14.5 | D7: 16.6 | E7: 21.1 | F7: 22.7 | G7: 30.1 | H7: 32.3 | I7: 32.6 | J7: 25.5 | K7: 20.2 | L7: 10.9 | M7: 7.2 | N7: =AVERAGE(B7:M7)
A8: Srednja minimalna | B8: -1.6 | C8: 3.1 | D8: 5.1 | E8: 8.1 | F8: 11.9 | G8: 17.3 | H8: 19.2 | I8: 18.9 | J8: 13.5 | K8: 8.3 | L8: 1 | M8: 0.1 | N8: =AVERAGE(B8:M8)
A9: Apsolutni maksimum | B9: 16.9 | C9: 19.7 | D9: 27.4 | E9: 32.2 | F9: 26.8 | G9: 35.2 | H9: 38.4 | I9: 39.1 | J9: 34 | K9: 27.4 | L9: 19.1 | M9: 12.3 | N9: =MAX(B9:M9)
A10: Apsolutni minimum | B10: -7.6 | C10: -5 | D10: -0.9 | E10: 1.3 | F10: 8.6 | G10: 11.1 | H10: 13.3 | I10: 14.1 | J10: 7.3 | K10: 4.3 | L10: -4.1 | M10: -3.4 | N10: =MIN(B10:M10)
A11: Sr. br. mraznih dana | B11: 21 | C11: 6 | D11: 1 | E11: 0 | F11: 0 | G11: 0 | H11: 0 | I11: 0 | J11: 0 | K11: 0 | L11: 11 | M11: 14 | N11: =SUM(B11:M11)
A12: Sr. br. tropskih dana | B12: 0 | C12: 0 | D12: 0 | E12: 1 | F12: 0 | G12: 16 | H12: 21 | I12: 24 | J12: 9 | K12: 0 | L12: 0 | M12: 0 | N12: =SUM(B12:M12)
A13: RELATIVNA VLAGA (%)
A14: Prosek | B14: 77.8 | C14: 72.2 | D14: 70.9 | E14: 64.3 | F14: 73.3 | G14: 68.6 | H14: 58.9 | I14: 56.5 | J14: 66.2 | K14: 74.1 | L14: 76.9 | M14: 84.8 | N14: =AVERAGE(B14:M14)
A15: TRAJANJE SIJANJA SUNCA (h)
A16: Prosek | B16: 173.2 | C16: 213.3 | D16: 276.3 | E16: 313.8 | F16: 367.1 | G16: 417 | H16: 428.6 | I16: 393 | J16: 274.6 | K16: 266.2 | L16: 191 | M16: 138.8 | N16: =SUM(B16:M16)
A17: Broj vedrih dana | B17: 5 | C17: 4 | D17: 2 | E17: 5 | F17: 2 | G17: 7 | H17: 18 | I17: 8 | J17: 8 | K17: 7 | L17: 4 | M17: 4 | N17: =SUM(B17:M17)
A18: Broj oblačnih dana | B18: 10 | C18: 12 | D18: 9 | E18: 7 | F18: 10 | G18: 1 | H18: 1 | I18: 1 | J18: 8 | K18: 5 | L18: 10 | M18: 19 | N18: =SUM(B18:M18)
A19: PADAVINE (mm)
A20: Sr. mesečna suma | B20: 51.1 | C20: 13 | D20: 45.6 | E20: 33 | F20: 109.6 | G20: 41.5 | H20: 38.8 | I20: 15.6 | J20: 95.6 | K20: 7.2 | L20: 87.9 | M20: 76.6 | N20: =SUM(B20:M20)
A21: Max. dnevna suma | B21: 8.1 | C21: 4.6 | D21: 8.4 | E21: 10.9 | F21: 17.4 | G21: 13.9 | H21: 19.9 | I21: 8.8 | J21: 47.1 | K21: 3.5 | L21: 21.5 | M21: 16.7 | N21: =MAX(B21:M21)
A22: Sr. br. dana >= 0.1 mm | B22: 20 | C22: 8 | D22: 17 | E22: 14 | F22: 23 | G22: 17 | H22: 13 | I22: 9 | J22: 13 | K22: 7 | L22: 13 | M22: 19 | N22: =SUM(B22:M22)
A23: Sr. br. dana >= 10.0 mm | B23: 0 | C23: 0 | D23: 0 | E23: 1 | F23: 3 | G23: 2 | H23: 1 | I23: 0 | J23: 2 | K23: 0 | L23: 5 | M23: 3 | N23: =SUM(B23:M23)
A24: POJAVE (broj dana sa....)
A25: snegom | B25: 6 | C25: 0 | D25: 0 | E25: 0 | F25: 0 | G25: 0 | H25: 0 | I25: 0 | J25: 0 | K25: 0 | L25: 6 | M25: 4 | N25: =SUM(B25:M25)
A26: snežnim pokrivačem | B26: 6 | C26: 0 | D26: 0 | E26: 0 | F26: 0 | G26: 0 | H26: 0 | I26: 0 | J26: 0 | K26: 0 | L26: 6 | M26: 4 | N26: =SUM(B26:M26)
A27: maglom | B27: 0 | C27: 0 | D27: 0 | E27: 0 | F27: 0 | G27: 0 | H27: 0 | I27: 0 | J27: 0 | K27: 0 | L27: 0 | M27: 0 | N27: =SUM(B27:M27)
A28: gradom | B28: 0 | C28: 0 | D28: 0 | E28: 0 | F28: 0 | G28: 0 | H28: 0 | I28: 0 | J28: 0 | K28: 0 | L28: 0 | M28: 0 | N28: =SUM(B28:M28)

Sheet 2025
A1: PROSEČNE MESEČNE, GODIŠNJE I EKSTREMNE VREDNOSTI ZA 2025. GODINU
A2: KRUŠEVAC φ 43.58°N λ 21.32°E h 166 m
A4: METEOROLOŠKI PARAMETAR | B4: jan | C4: feb | D4: mar | E4: apr | F4: maj | G4: jun | H4: jul | I4: avg | J4: sep | K4: okt | L4: nov | M4: dec | N4: god.
A5: TEMPERATURA VAZDUHA (°C)
A6: Normalna vrednost | B6: 2.4 | C6: 1 | D6: 9.7 | E6: 12.7 | F6: 15.2 | G6: 22.9 | H6: 24.1 | I6: 23.1 | J6: 19.3 | K6: 11 | L6: 8.1 | M6: 3 | N6: =AVERAGE(B6:M6)
A7: Srednja maksimalna | B7: 8.7 | C7: 7.2 | D7: 17.2 | E7: 18.7 | F7: 21.3 | G7: 30 | H7: 31 | I7: 30.3 | J7: 26.1 | K7: 16.4 | L7: 13.2 | M7: 7.5 | N7: =AVERAGE(B7:M7)
A8: Srednja minimalna | B8: -1.6 | C8: -3.1 | D8: 4.5 | E8: 7.3 | F8: 9.4 | G8: 15.2 | H8: 17.4 | I8: 16.5 | J8: 13.9 | K8: 6.7 | L8: 4.3 | M8: 0 | N8: =AVERAGE(B8:M8)
A9: Apsolutni maksimum | B9: 19.4 | C9: 17.5 | D9: 29.1 | E9: 27.6 | F9: 27.1 | G9: 36.8 | H9: 40.1 | I9: 37.4 | J9: 31.5 | K9: 23.6 | L9: 23.1 | M9: 12.1 | N9: =MAX(B9:M9)
A10: Apsolutni minimum | B10: -10.1 | C10: -10.9 | D10: -3.6 | E10: -1.2 | F10: 4.8 | G10: 10.3 | H10: 12.5 | I10: 10.2 | J10: 7.4 | K10: 1.3 | L10: -2 | M10: -5.5 | N10: =MIN(B10:M10)
A11: Sr. br. mraznih dana | B11: 20 | C11: 24 | D11: 6 | E11: 4 | F11: 0 | G11: 0 | H11: 0 | I11: 0 | J11: 0 | K11: 0 | L11: 1 | M11: 18 | N11: =SUM(B11:M11)
A12: Sr. br. tropskih dana | B12: 0 | C12: 0 | D12: 0 | E12: 0 | F12: 0 | G12: 16 | H12: 18 | I12: 16 | J12: 4 | K12: 0 | L12: 0 | M12: 0 | N12: =SUM(B12:M12)
A13: RELATIVNA VLAGA (%)
A14: Prosek | B14: 81.1 | C14: 71.9 | D14: 68 | E14: 70.5 | F14: 70.7 | G14: 58.7 | H14: 58.3 | I14: 56.5 | J14: 69.6 | K14: 78.8 | L14: 83.1 | M14: 85 | N14: =AVERAGE(B14:M14)
A15: TRAJANJE SIJANJA SUNCA (h)
A16: Prosek | B16: 201 | C16: 206.9 | D16: 245.8 | E16: 301.4 | F16: 365.3 | G16: 445.3 | H16: 419.1 | I16: 379.8 | J16: 321.2 | K16: 211.1 | L16: 141.8 | M16: 162.5 | N16: =SUM(B16:M16)
A17: Broj vedrih dana | B17: 2 | C17: 4 | D17: 8 | E17: 3 | F17: 5 | G17: 24 | H17: 17 | I17: 15 | J17: 9 | K17: 2 | L17: 2 | M17: 1 | N17: =SUM(B17:M17)
A18: Broj oblačnih dana | B18: 13 | C18: 10 | D18: 18 | E18: 7 | F18: 4 | G18: 0 | H18: 0 | I18: 1 | J18: 3 | K18: 11 | L18: 16 | M18: 16 | N18: =SUM(B18:M18)
A19: PADAVINE (mm)
A20: Sr. mesečna suma | B20: 17.2 | C20: 13.6 | D20: 83.7 | E20: 52.3 | F20: 69.3 | G20: 1.4 | H20: 36.6 | I20: 29.9 | J20: 47.2 | K20: 135 | L20: 99.9 | M20: 19.4 | N20: =SUM(B20:M20)
A21: Max. dnevna suma | B21: 6.7 | C21: 5.1 | D21: 14.9 | E21: 10.3 | F21: 17.5 | G21: 1 | H21: 11.1 | I21: 11.4 | J21: 13.2 | K21: 51.2 | L21: 24 | M21: 7 | N21: =MAX(B21:M21)
A22: Sr. br. dana >= 0.1 mm | B22: 10 | C22: 10 | D22: 17 | E22: 21 | F22: 18 | G22: 4 | H22: 12 | I22: 8 | J22: 14 | K22: 18 | L22: 18 | M22: 14 | N22: =SUM(B22:M22)
A23: Sr. br. dana >= 10.0 mm | B23: 0 | C23: 0 | D23: 3 | E23: 1 | F23: 2 | G23: 0 | H23: 1 | I23: 1 | J23: 2 | K23: 3 | L23: 2 | M23: 0 | N23: =SUM(B23:M23)
A24: POJAVE (broj dana sa....)
A25: snegom | B25: 5 | C25: 5 | D25: 1 | E25: 2 | F25: 0 | G25: 0 | H25: 0 | I25: 0 | J25: 0 | K25: 1 | L25: 5 | M25: 3 | N25: =SUM(B25:M25)
A26: snežnim pokrivačem | B26: 5 | C26: 5 | D26: 1 | E26: 2 | F26: 0 | G26: 0 | H26: 0 | I26: 0 | J26: 0 | K26: 1 | L26: 5 | M26: 3 | N26: =SUM(B26:M26)
A27: maglom | B27: 0 | C27: 0 | D27: 0 | E27: 0 | F27: 0 | G27: 0 | H27: 0 | I27: 0 | J27: 0 | K27: 0 | L27: 0 | M27: 0 | N27: =SUM(B27:M27)
A28: gradom | B28: 0 | C28: 0 | D28: 0 | E28: 0 | F28: 0 | G28: 0 | H28: 0 | I28: 0 | J28: 0 | K28: 0 | L28: 0 | M28: 0 | N28: =SUM(B28:M28)
