Workbook

Sheet Prosek 2021-2025
A1: PROSEČNE MESEČNE, GODIŠNJE I EKSTREMNE VREDNOSTI ZA PERIOD 2021-2025. GODINA
A2: SJENICA φ 43.27°N λ 19.99°E h 1038 m
A4: METEOROLOŠKI PARAMETAR | B4: jan | C4: feb | D4: mar | E4: apr | F4: maj | G4: jun | H4: jul | I4: avg | J4: sep | K4: okt | L4: nov | M4: dec | N4: god.
A5: TEMPERATURA VAZDUHA (°C)
A6: Normalna vrednost | B6: =AVERAGE('2021'!B6,'2022'!B6,'2023'!B6,'2024'!B6,'2025'!B6) | C6: =AVERAGE('2021'!C6,'2022'!C6,'2023'!C6,'2024'!C6,'2025'!C6) | D6: =AVERAGE('2021'!D6,'2022'!D6,'2023'!D6,'2024'!D6,'2025'!D6) | E6: =AVERAGE('2021'!E6,'2022'!E6,'2023'!E6,'2024'!E6,'2025'!E6) | F6: =AVERAGE('2021'!F6,'2022'!F6,'2023'!F6,'2024'!F6,'2025'!F6) | G6: =AVERAGE('2021'!G6,'2022'!G6,'2023'!G6,'2024'!G6,'2025'!G6) | H6: =AVERAGE('2021'!H6,'2022'!H6,'2023'!H6,'2024'!H6,'2025'!H6) | I6: =AVERAGE('2021'!I6,'2022'!I6,'2023'!I6,'2024'!I6,'2025'!I6) | ... M6: =AVERAGE('2021'!M6,'2022'!M6,'2023'!M6,'2024'!M6,'2025'!M6) | N6: =AVERAGE(B6:M6)
A7: Srednja maksimalna | B7: =AVERAGE('2021'!B7,'2022'!B7,'2023'!B7,'2024'!B7,'2025'!B7) | C7: =AVERAGE('2021'!C7,'2022'!C7,'2023'!C7,'2024'!C7,'2025'!C7) | D7: =AVERAGE('2021'!D7,'2022'!D7,'2023'!D7,'2024'!D7,'2025'!D7) | E7: =AVERAGE('2021'!E7,'2022'!E7,'2023'!E7,'2024'!E7,'2025'!E7) | F7: =AVERAGE('2021'!F7,'2022'!F7,'2023'!F7,'2024'!F7,'2025'!F7) | G7: =AVERAGE('2021'!G7,'2022'!G7,'2023'!G7,'2024'!G7,'2025'!G7) | H7: =AVERAGE('2021'!H7,'2022'!H7,'2023'!H7,'2024'!H7,'2025'!H7) | I7: =AVERAGE('2021'!I7,'2022'!I7,'2023'!I7,'2024'!I7,'2025'!I7) | ... M7: =AVERAGE('2021'!M7,'2022'!M7,'2023'!M7,'2024'!M7,'2025'!M7) | N7: =AVERAGE(B7:M7)
A8: Srednja minimalna | B8: =AVERAGE('2021'!B8,'2022'!B8,'2023'!B8,'2024'!B8,'2025'!B8) | C8: =AVERAGE('2021'!C8,'2022'!C8,'2023'!C8,'2024'!C8,'2025'!C8) | D8: =AVERAGE('2021'!D8,'2022'!D8,'2023'!D8,'2024'!D8,'2025'!D8) | E8: =AVERAGE('2021'!E8,'2022'!E8,'2023'!E8,'2024'!E8,'2025'!E8) | F8: =AVERAGE('2021'!F8,'2022'!F8,'2023'!F8,'2024'!F8,'2025'!F8) | G8: =AVERAGE('2021'!G8,'2022'!G8,'2023'!G8,'2024'!G8,'2025'!G8) | H8: =AVERAGE('2021'!H8,'2022'!H8,'2023'!H8,'2024'!H8,'2025'!H8) | I8: =AVERAGE('2021'!I8,'2022'!I8,'2023'!I8,'2024'!I8,'2025'!I8) | ... M8: =AVERAGE('2021'!M8,'2022'!M8,'2023'!M8,'2024'!M8,'2025'!M8) | N8: =AVERAGE(B8:M8)
A9: Apsolutni maksimum | B9: =AVERAGE('2021'!B9,'2022'!B9,'2023'!B9,'2024'!B9,'2025'!B9) | C9: =AVERAGE('2021'!C9,'2022'!C9,'2023'!C9,'2024'!C9,'2025'!C9) | D9: =AVERAGE('2021'!D9,'2022'!D9,'2023'!D9,'2024'!D9,'2025'!D9) | E9: =AVERAGE('2021'!E9,'2022'!E9,'2023'!E9,'2024'!E9,'2025'!E9) | F9: =AVERAGE('2021'!F9,'2022'!F9,'2023'!F9,'2024'!F9,'2025'!F9) | G9: =AVERAGE('2021'!G9,'2022'!G9,'2023'!G9,'2024'!G9,'2025'!G9) | H9: =AVERAGE('2021'!H9,'2022'!H9,'2023'!H9,'2024'!H9,'2025'!H9) | I9: =AVERAGE('2021'!I9,'2022'!I9,'2023'!I9,'2024'!I9,'2025'!I9) | ... M9: =AVERAGE('2021'!M9,'2022'!M9,'2023'!M9,'2024'!M9,'2025'!M9) | N9: =MAX(B9:M9)
A10: Apsolutni minimum | B10: =AVERAGE('2021'!B10,'2022'!B10,'2023'!B10,'2024'!B10,'2025'!B10) | C10: =AVERAGE('2021'!C10,'2022'!C10,'2023'!C10,'2024'!C10,'2025'!C10) | D10: =AVERAGE('2021'!D10,'2022'!D10,'2023'!D10,'2024'!D10,'2025'!D10) | E10: =AVERAGE('2021'!E10,'2022'!E10,'2023'!E10,'2024'!E10,'2025'!E10) | F10: =AVERAGE('2021'!F10,'2022'!F10,'2023'!F10,'2024'!F10,'2025'!F10) | G10: =AVERAGE('2021'!G10,'2022'!G10,'2023'!G10,'2024'!G10,'2025'!G10) | H10: =AVERAGE('2021'!H10,'2022'!H10,'2023'!H10,'2024'!H10,'2025'!H10) | I10: =AVERAGE('2021'!I10,'2022'!I10,'2023'!I10,'2024'!I10,'2025'!I10) | ... M10: =AVERAGE('2021'!M10,'2022'!M10,'2023'!M10,'2024'!M10,'2025'!M10) | N10: =MIN(B10:M10)
A11: Sr. br. mraznih dana | B11: =AVERAGE('2021'!B11,'2022'!B11,'2023'!B11,'2024'!B11,'2025'!B11) | C11: =AVERAGE('2021'!C11,'2022'!C11,'2023'!C11,'2024'!C11,'2025'!C11) | D11: =AVERAGE('2021'!D11,'2022'!D11,'2023'!D11,'2024'!D11,'2025'!D11) | E11: =AVERAGE('2021'!E11,'2022'!E11,'2023'!E11,'2024'!E11,'2025'!E11) | F11: =AVERAGE('2021'!F11,'2022'!F11,'2023'!F11,'2024'!F11,'2025'!F11) | G11: =AVERAGE('2021'!G11,'2022'!G11,'2023'!G11,'2024'!G11,'2025'!G11) | H11: =AVERAGE('2021'!H11,'2022'!H11,'2023'!H11,'2024'!H11,'2025'!H11) | I11: =AVERAGE('2021'!I11,'2022'!I11,'2023'!I11,'2024'!I11,'2025'!I11) | ... M11: =AVERAGE('2021'!M11,'2022'!M11,'2023'!M11,'2024'!M11,'2025'!M11) | N11: =SUM(B11:M11)
A12: Sr. br. tropskih dana | B12: =AVERAGE('2021'!B12,'2022'!B12,'2023'!B12,'2024'!B12,'2025'!B12) | C12: =AVERAGE('2021'!C12,'2022'!C12,'2023'!C12,'2024'!C12,'2025'!C12) | D12: =AVERAGE('2021'!D12,'2022'!D12,'2023'!D12,'2024'!D12,'2025'!D12) | E12: =AVERAGE('2021'!E12,'2022'!E12,'2023'!E12,'2024'!E12,'2025'!E12) | F12: =AVERAGE('2021'!F12,'2022'!F12,'2023'!F12,'2024'!F12,'2025'!F12) | G12: =AVERAGE('2021'!G12,'2022'!G12,'2023'!G12,'2024'!G12,'2025'!G12) | H12: =AVERAGE('2021'!H12,'2022'!H12,'2023'!H12,'2024'!H12,'2025'!H12) | I12: =AVERAGE('2021'!I12,'2022'!I12,'2023'!I12,'2024'!I12,'2025'!I12) | ... M12: =AVERAGE('2021'!M12,'2022'!M12,'2023'!M12,'2024'!M12,'2025'!M12) | N12: =SUM(B12:M12)
A13: RELATIVNA VLAGA (%)
A14: Prosek | B14: =AVERAGE('2021'!B14,'2022'!B14,'2023'!B14,'2024'!B14,'2025'!B14) | C14: =AVERAGE('2021'!C14,'2022'!C14,'2023'!C14,'2024'!C14,'2025'!C14) | D14: =AVERAGE('2021'!D14,'2022'!D14,'2023'!D14,'2024'!D14,'2025'!D14) | E14: =AVERAGE('2021'!E14,'2022'!E14,'2023'!E14,'2024'!E14,'2025'!E14) | F14: =AVERAGE('2021'!F14,'2022'!F14,'2023'!F14,'2024'!F14,'2025'!F14) | G14: =AVERAGE('2021'!G14,'2022'!G14,'2023'!G14,'2024'!G14,'2025'!G14) | H14: =AVERAGE('2021'!H14,'2022'!H14,'2023'!H14,'2024'!H14,'2025'!H14) | I14: =AVERAGE('2021'!I14,'2022'!I14,'2023'!I14,'2024'!I14,'2025'!I14) | ... M14: =AVERAGE('2021'!M14,'2022'!M14,'2023'!M14,'2024'!M14,'2025'!M14) | N14: =AVERAGE(B14:M14)
A15: TRAJANJE SIJANJA SUNCA (h)
A16: Prosek | B16: =AVERAGE('2021'!B16,'2022'!B16,'2023'!B16,'2024'!B16,'2025'!B16) | C16: =AVERAGE('2021'!C16,'2022'!C16,'2023'!C16,'2024'!C16,'2025'!C16) | D16: =AVERAGE('2021'!D16,'2022'!D16,'2023'!D16,'2024'!D16,'2025'!D16) | E16: =AVERAGE('2021'!E16,'2022'!E16,'2023'!E16,'2024'!E16,'2025'!E16) | F16: =AVERAGE('2021'!F16,'2022'!F16,'2023'!F16,'2024'!F16,'2025'!F16) | G16: =AVERAGE('2021'!G16,'2022'!G16,'2023'!G16,'2024'!G16,'2025'!G16) | H16: =AVERAGE('2021'!H16,'2022'!H16,'2023'!H16,'2024'!H16,'2025'!H16) | I16: =AVERAGE('2021'!I16,'2022'!I16,'2023'!I16,'2024'!I16,'2025'!I16) | ... M16: =AVERAGE('2021'!M16,'2022'!M16,'2023'!M16,'2024'!M16,'2025'!M16) | N16: =SUM(B16:M16)
A17: Broj vedrih dana | B17: =AVERAGE('2021'!B17,'2022'!B17,'2023'!B17,'2024'!B17,'2025'!B17) | C17: =AVERAGE('2021'!C17,'2022'!C17,'2023'!C17,'2024'!C17,'2025'!C17) | D17: =AVERAGE('2021'!D17,'2022'!D17,'2023'!D17,'2024'!D17,'2025'!D17) | E17: =AVERAGE('2021'!E17,'2022'!E17,'2023'!E17,'2024'!E17,'2025'!E17) | F17: =AVERAGE('2021'!F17,'2022'!F17,'2023'!F17,'2024'!F17,'2025'!F17) | G17: =AVERAGE('2021'!G17,'2022'!G17,'2023'!G17,'2024'!G17,'2025'!G17) | H17: =AVERAGE('2021'!H17,'2022'!H17,'2023'!H17,'2024'!H17,'2025'!H17) | I17: =AVERAGE('2021'!I17,'2022'!I17,'2023'!I17,'2024'!I17,'2025'!I17) | ... M17: =AVERAGE('2021'!M17,'2022'!M17,'2023'!M17,'2024'!M17,'2025'!M17) | N17: =SUM(B17:M17)
A18: Broj oblačnih dana | B18: =AVERAGE('2021'!B18,'2022'!B18,'2023'!B18,'2024'!B18,'2025'!B18) | C18: =AVERAGE('2021'!C18,'2022'!C18,'2023'!C18,'2024'!C18,'2025'!C18) | D18: =AVERAGE('2021'!D18,'2022'!D18,'2023'!D18,'2024'!D18,'2025'!D18) | E18: =AVERAGE('2021'!E18,'2022'!E18,'2023'!E18,'2024'!E18,'2025'!E18) | F18: =AVERAGE('2021'!F18,'2022'!F18,'2023'!F18,'2024'!F18,'2025'!F18) | G18: =AVERAGE('2021'!G18,'2022'!G18,'2023'!G18,'2024'!G18,'2025'!G18) | H18: =AVERAGE('2021'!H18,'2022'!H18,'2023'!H18,'2024'!H18,'2025'!H18) | I18: =AVERAGE('2021'!I18,'2022'!I18,'2023'!I18,'2024'!I18,'2025'!I18) | ... M18: =AVERAGE('2021'!M18,'2022'!M18,'2023'!M18,'2024'!M18,'2025'!M18) | N18: =SUM(B18:M18)
A19: PADAVINE (mm)
A20: Sr. mesečna suma | B20: =AVERAGE('2021'!B20,'2022'!B20,'2023'!B20,'2024'!B20,'2025'!B20) | C20: =AVERAGE('2021'!C20,'2022'!C20,'2023'!C20,'2024'!C20,'2025'!C20) | D20: =AVERAGE('2021'!D20,'2022'!D20,'2023'!D20,'2024'!D20,'2025'!D20) | E20: =AVERAGE('2021'!E20,'2022'!E20,'2023'!E20,'2024'!E20,'2025'!E20) | F20: =AVERAGE('2021'!F20,'2022'!F20,'2023'!F20,'2024'!F20,'2025'!F20) | G20: =AVERAGE('2021'!G20,'2022'!G20,'2023'!G20,'2024'!G20,'2025'!G20) | H20: =AVERAGE('2021'!H20,'2022'!H20,'2023'!H20,'2024'!H20,'2025'!H20) | I20: =AVERAGE('2021'!I20,'2022'!I20,'2023'!I20,'2024'!I20,'2025'!I20) | ... M20: =AVERAGE('2021'!M20,'2022'!M20,'2023'!M20,'2024'!M20,'2025'!M20) | N20: =SUM(B20:M20)
A21: Max. dnevna suma | B21: =AVERAGE('2021'!B21,'2022'!B21,'2023'!B21,'2024'!B21,'2025'!B21) | C21: =AVERAGE('2021'!C21,'2022'!C21,'2023'!C21,'2024'!C21,'2025'!C21) | D21: =AVERAGE('2021'!D21,'2022'!D21,'2023'!D21,'2024'!D21,'2025'!D21) | E21: =AVERAGE('2021'!E21,'2022'!E21,'2023'!E21,'2024'!E21,'2025'!E21) | F21: =AVERAGE('2021'!F21,'2022'!F21,'2023'!F21,'2024'!F21,'2025'!F21) | G21: =AVERAGE('2021'!G21,'2022'!G21,'2023'!G21,'2024'!G21,'2025'!G21) | H21: =AVERAGE('2021'!H21,'2022'!H21,'2023'!H21,'2024'!H21,'2025'!H21) | I21: =AVERAGE('2021'!I21,'2022'!I21,'2023'!I21,'2024'!I21,'2025'!I21) | ... M21: =AVERAGE('2021'!M21,'2022'!M21,'2023'!M21,'2024'!M21,'2025'!M21) | N21: =MAX(B21:M21)
A22: Sr. br. dana >= 0.1 mm | B22: =AVERAGE('2021'!B22,'2022'!B22,'2023'!B22,'2024'!B22,'2025'!B22) | C22: =AVERAGE('2021'!C22,'2022'!C22,'2023'!C22,'2024'!C22,'2025'!C22) | D22: =AVERAGE('2021'!D22,'2022'!D22,'2023'!D22,'2024'!D22,'2025'!D22) | E22: =AVERAGE('2021'!E22,'2022'!E22,'2023'!E22,'2024'!E22,'2025'!E22) | F22: =AVERAGE('2021'!F22,'2022'!F22,'2023'!F22,'2024'!F22,'2025'!F22) | G22: =AVERAGE('2021'!G22,'2022'!G22,'2023'!G22,'2024'!G22,'2025'!G22) | H22: =AVERAGE('2021'!H22,'2022'!H22,'2023'!H22,'2024'!H22,'2025'!H22) | I22: =AVERAGE('2021'!I22,'2022'!I22,'2023'!I22,'2024'!I22,'2025'!I22) | ... M22: =AVERAGE('2021'!M22,'2022'!M22,'2023'!M22,'2024'!M22,'2025'!M22) | N22: =SUM(B22:M22)
A23: Sr. br. dana >= 10.0 mm | B23: =AVERAGE('2021'!B23,'2022'!B23,'2023'!B23,'2024'!B23,'2025'!B23) | C23: =AVERAGE('2021'!C23,'2022'!C23,'2023'!C23,'2024'!C23,'2025'!C23) | D23: =AVERAGE('2021'!D23,'2022'!D23,'2023'!D23,'2024'!D23,'2025'!D23) | E23: =AVERAGE('2021'!E23,'2022'!E23,'2023'!E23,'2024'!E23,'2025'!E23) | F23: =AVERAGE('2021'!F23,'2022'!F23,'2023'!F23,'2024'!F23,'2025'!F23) | G23: =AVERAGE('2021'!G23,'2022'!G23,'2023'!G23,'2024'!G23,'2025'!G23) | H23: =AVERAGE('2021'!H23,'2022'!H23,'2023'!H23,'2024'!H23,'2025'!H23) | I23: =AVERAGE('2021'!I23,'2022'!I23,'2023'!I23,'2024'!I23,'2025'!I23) | ... M23: =AVERAGE('2021'!M23,'2022'!M23,'2023'!M23,'2024'!M23,'2025'!M23) | N23: =SUM(B23:M23)
A24: POJAVE (broj dana sa....)
A25: snegom | B25: =AVERAGE('2021'!B25,'2022'!B25,'2023'!B25,'2024'!B25,'2025'!B25) | C25: =AVERAGE('2021'!C25,'2022'!C25,'2023'!C25,'2024'!C25,'2025'!C25) | D25: =AVERAGE('2021'!D25,'2022'!D25,'2023'!D25,'2024'!D25,'2025'!D25) | E25: =AVERAGE('2021'!E25,'2022'!E25,'2023'!E25,'2024'!E25,'2025'!E25) | F25: =AVERAGE('2021'!F25,'2022'!F25,'2023'!F25,'2024'!F25,'2025'!F25) | G25: =AVERAGE('2021'!G25,'2022'!G25,'2023'!G25,'2024'!G25,'2025'!G25) | H25: =AVERAGE('2021'!H25,'2022'!H25,'2023'!H25,'2024'!H25,'2025'!H25) | I25: =AVERAGE('2021'!I25,'2022'!I25,'2023'!I25,'2024'!I25,'2025'!I25) | ... M25: =AVERAGE('2021'!M25,'2022'!M25,'2023'!M25,'2024'!M25,'2025'!M25) | N25: =SUM(B25:M25)
A26: snežnim pokrivačem | B26: =AVERAGE('2021'!B26,'2022'!B26,'2023'!B26,'2024'!B26,'2025'!B26) | C26: =AVERAGE('2021'!C26,'2022'!C26,'2023'!C26,'2024'!C26,'2025'!C26) | D26: =AVERAGE('2021'!D26,'2022'!D26,'2023'!D26,'2024'!D26,'2025'!D26) | E26: =AVERAGE('2021'!E26,'2022'!E26,'2023'!E26,'2024'!E26,'2025'!E26) | F26: =AVERAGE('2021'!F26,'2022'!F26,'2023'!F26,'2024'!F26,'2025'!F26) | G26: =AVERAGE('2021'!G26,'2022'!G26,'2023'!G26,'2024'!G26,'2025'!G26) | H26: =AVERAGE('2021'!H26,'2022'!H26,'2023'!H26,'2024'!H26,'2025'!H26) | I26: =AVERAGE('2021'!I26,'2022'!I26,'2023'!I26,'2024'!I26,'2025'!I26) | ... M26: =AVERAGE('2021'!M26,'2022'!M26,'2023'!M26,'2024'!M26,'2025'!M26) | N26: =SUM(B26:M26)
A27: maglom | B27: =AVERAGE('2021'!B27,'2022'!B27,'2023'!B27,'2024'!B27,'2025'!B27) | C27: =AVERAGE('2021'!C27,'2022'!C27,'2023'!C27,'2024'!C27,'2025'!C27) | D27: =AVERAGE('2021'!D27,'2022'!D27,'2023'!D27,'2024'!D27,'2025'!D27) | E27: =AVERAGE('2021'!E27,'2022'!E27,'2023'!E27,'2024'!E27,'2025'!E27) | F27: =AVERAGE('2021'!F27,'2022'!F27,'2023'!F27,'2024'!F27,'2025'!F27) | G27: =AVERAGE('2021'!G27,'2022'!G27,'2023'!G27,'2024'!G27,'2025'!G27) | H27: =AVERAGE('2021'!H27,'2022'!H27,'2023'!H27,'2024'!H27,'2025'!H27) | I27: =AVERAGE('2021'!I27,'2022'!I27,'2023'!I27,'2024'!I27,'2025'!I27) | ... M27: =AVERAGE('2021'!M27,'2022'!M27,'2023'!M27,'2024'!M27,'2025'!M27) | N27: =SUM(B27:M27)
A28: gradom | B28: =AVERAGE('2021'!B28,'2022'!B28,'2023'!B28,'2024'!B28,'2025'!B28) | C28: =AVERAGE('2021'!C28,'2022'!C28,'2023'!C28,'2024'!C28,'2025'!C28) | D28: =AVERAGE('2021'!D28,'2022'!D28,'2023'!D28,'2024'!D28,'2025'!D28) | E28: =AVERAGE('2021'!E28,'2022'!E28,'2023'!E28,'2024'!E28,'2025'!E28) | F28: =AVERAGE('2021'!F28,'2022'!F28,'2023'!F28,'2024'!F28,'2025'!F28) | G28: =AVERAGE('2021'!G28,'2022'!G28,'2023'!G28,'2024'!G28,'2025'!G28) | H28: =AVERAGE('2021'!H28,'2022'!H28,'2023'!H28,'2024'!H28,'2025'!H28) | I28: =AVERAGE('2021'!I28,'2022'!I28,'2023'!I28,'2024'!I28,'2025'!I28) | ... M28: =AVERAGE('2021'!M28,'2022'!M28,'2023'!M28,'2024'!M28,'2025'!M28) | N28: =SUM(B28:M28)

Sheet 2021
A1: PROSEČNE MESEČNE, GODIŠNJE I EKSTREMNE VREDNOSTI ZA 2021. GODINU
A2: SJENICA φ 43.27°N λ 19.99°E h 1038 m
A4: METEOROLOŠKI PARAMETAR | B4: jan | C4: feb | D4: mar | E4: apr | F4: maj | G4: jun | H4: jul | I4: avg | J4: sep | K4: okt | L4: nov | M4: dec | N4: god.
A5: TEMPERATURA VAZDUHA (°C)
A6: Normalna vrednost | B6: -1.4 | C6: 1.5 | D6: 0.3 | E6: 4.7 | F6: 11.8 | G6: 16.4 | H6: 19.9 | I6: 19.2 | J6: 13.7 | K6: 6.9 | L6: 6 | M6: -0.5 | N6: =AVERAGE(B6:M6)
A7: Srednja maksimalna | B7: 1.6 | C7: 7 | D7: 4.9 | E7: 10.2 | F7: 17.1 | G7: 21.5 | H7: 25.6 | I7: 25.6 | J7: 19 | K7: 11.6 | L7: 10.4 | M7: 2.7 | N7: =AVERAGE(B7:M7)
A8: Srednja minimalna | B8: -3.9 | C8: -3.2 | D8: -3.8 | E8: -0.3 | F8: 6.9 | G8: 11.2 | H8: 14.4 | I8: 13.5 | J8: 9.2 | K8: 3.2 | L8: 2.7 | M8: -3.6 | N8: =AVERAGE(B8:M8)
A9: Apsolutni maksimum | B9: 7.6 | C9: 15.5 | D9: 13.3 | E9: 21.2 | F9: 25.3 | G9: 31.2 | H9: 32.4 | I9: 32.1 | J9: 24.3 | K9: 21.6 | L9: 19.6 | M9: 8.8 | N9: =MAX(B9:M9)
A10: Apsolutni minimum | B10: -12.8 | C10: -17.2 | D10: -10.4 | E10: -9.1 | F10: 1.4 | G10: 3.4 | H10: 10 | I10: 8.4 | J10: 3 | K10: -1.9 | L10: -6.9 | M10: -16.1 | N10: =MIN(B10:M10)
A11: Sr. br. mraznih dana | B11: 22 | C11: 16 | D11: 26 | E11: 17 | F11: 0 | G11: 0 | H11: 0 | I11: 0 | J11: 0 | K11: 4 | L11: 5 | M11: 26 | N11: =SUM(B11:M11)
A12: Sr. br. tropskih dana | B12: 0 | C12: 0 | D12: 0 | E12: 0 | F12: 0 | G12: 5 | H12: 8 | I12: 6 | J12: 0 | K12: 0 | L12: 0 | M12: 0 | N12: =SUM(B12:M12)
A13: RELATIVNA VLAGA (%)
A14: Prosek | B14: 85.5 | C14: 74.1 | D14: 77.1 | E14: 70.5 | F14: 67.9 | G14: 69.4 | H14: 66.5 | I14: 60.2 | J14: 70.8 | K14: 80.4 | L14: 82.6 | M14: 88.2 | N14: =AVERAGE(B14:M14)
A15: TRAJANJE SIJANJA SUNCA (h)
A16: Prosek | B16: 175.2 | C16: 227.7 | D16: 234.4 | E16: 280.1 | F16: 366.1 | G16: 410.1 | H16: 416.4 | I16: 375.1 | J16: 318.3 | K16: 209.9 | L16: 167.9 | M16: 112.9 | N16: =SUM(B16:M16)
A17: Broj vedrih dana | B17: 1 | C17: 5 | D17: 6 | E17: 2 | F17: 2 | G17: 6 | H17: 11 | I17: 17 | J17: 8 | K17: 10 | L17: 2 | M17: 0 | N17: =SUM(B17:M17)
A18: Broj oblačnih dana | B18: 18 | C18: 5 | D18: 13 | E18: 9 | F18: 6 | G18: 1 | H18: 2 | I18: 3 | J18: 6 | K18: 13 | L18: 16 | M18: 20 | N18: =SUM(B18:M18)
A19: PADAVINE (mm)
A20: Sr. mesečna suma | B20: 177.2 | C20: 50.6 | D20: 89 | E20: 75.2 | F20: 57.2 | G20: 58.1 | H20: 54.8 | I20: 23.9 | J20: 26.2 | K20: 58 | L20: 48.8 | M20: 124 | N20: =SUM(B20:M20)
A21: Max. dnevna suma | B21: 28.8 | C21: 11.3 | D21: 18.8 | E21: 13.6 | F21: 8.7 | G21: 11.9 | H21: 10.3 | I21: 6.6 | J21: 7.6 | K21: 12.3 | L21: 11.9 | M21: 24 | N21: =MAX(B21:M21)
A22: Sr. br. dana >= 0.1 mm | B22: 24 | C22: 12 | D22: 16 | E22: 21 | F22: 18 | G22: 18 | H22: 19 | I22: 14 | J22: 13 | K22: 13 | L22: 17 | M22: 25 | N22: =SUM(B22:M22)
A23: Sr. br. dana >= 10.0 mm | B23: 7 | C23: 2 | D23: 3 | E23: 2 | F23: 0 | G23: 2 | H23: 1 | I23: 0 | J23: 0 | K23: 2 | L23: 1 | M23: 5 | N23: =SUM(B23:M23)
A24: POJAVE (broj dana sa....)
A25: snegom | B25: 24 | C25: 8 | D25: 15 | E25: 15 | F25: 0 | G25: 0 | H25: 0 | I25: 0 | J25: 0 | K25: 2 | L25: 2 | M25: 22 | N25: =SUM(B25:M25)
A26: snežnim pokrivačem | B26: 24 | C26: 8 | D26: 15 | E26: 15 | F26: 0 | G26: 0 | H26: 0 | I26: 0 | J26: 0 | K26: 2 | L26: 2 | M26: 22 | N26: =SUM(B26:M26)
A27: maglom | B27: 0 | C27: 0 | D27: 0 | E27: 0 | F27: 0 | G27: 0 | H27: 0 | I27: 0 | J27: 0 | K27: 0 | L27: 0 | M27: 0 | N27: =SUM(B27:M27)
A28: gradom | B28: 0 | C28: 0 | D28: 0 | E28: 0 | F28: 0 | G28: 0 | H28: 0 | I28: 0 | J28: 0 | K28: 0 | L28: 0 | M28: 0 | N28: =SUM(B28:M28)

Sheet 2022
A1: PROSEČNE MESEČNE, GODIŠNJE I EKSTREMNE VREDNOSTI ZA 2022. GODINU
A2: SJENICA φ 43.27°N λ 19.99°E h 1038 m
A4: METEOROLOŠKI PARAMETAR | B4: jan | C4: feb | D4: mar | E4: apr | F4: maj | G4: jun | H4: jul | I4: avg | J4: sep | K4: okt | L4: nov | M4: dec | N4: god.
A5: TEMPERATURA VAZDUHA (°C)
A6: Normalna vrednost | B6: -3.2 | C6: 0.2 | D6: -0.4 | E6: 6.4 | F6: 13.4 | G6: 17.5 | H6: 18.7 | I6: 18.1 | J6: 12.9 | K6: 11 | L6: 6.1 | M6: 3.8 | N6: =AVERAGE(B6:M6)
A7: Srednja maksimalna | B7: 1 | C7: 4.8 | D7: 4.9 | E7: 11.7 | F7: 19 | G7: 22.5 | H7: 24.3 | I7: 23.4 | J7: 17.8 | K7: 16.9 | L7: 10.1 | M7: 8.2 | N7: =AVERAGE(B7:M7)
A8: Srednja minimalna | B8: -7.4 | C8: -3.5 | D8: -5.5 | E8: 1.4 | F8: 7.7 | G8: 12.5 | H8: 13.3 | I8: 13.4 | J8: 8.7 | K8: 6.5 | L8: 2.9 | M8: 0.8 | N8: =AVERAGE(B8:M8)
A9: Apsolutni maksimum | B9: 10.2 | C9: 12.5 | D9: 13.9 | E9: 19.5 | F9: 25.5 | G9: 28 | H9: 31.6 | I9: 30.6 | J9: 24.2 | K9: 22.4 | L9: 21.5 | M9: 13.1 | N9: =MAX(B9:M9)
A10: Apsolutni minimum | B10: -20.2 | C10: -8.6 | D10: -18.1 | E10: -4.2 | F10: 1.1 | G10: 8.4 | H10: 7.4 | I10: 9.9 | J10: 0.5 | K10: 2.2 | L10: -2.8 | M10: -4.4 | N10: =MIN(B10:M10)
A11: Sr. br. mraznih dana | B11: 26 | C11: 23 | D11: 26 | E11: 11 | F11: 0 | G11: 0 | H11: 0 | I11: 0 | J11: 0 | K11: 0 | L11: 5 | M11: 10 | N11: =SUM(B11:M11)
A12: Sr. br. tropskih dana | B12: 0 | C12: 0 | D12: 0 | E12: 0 | F12: 0 | G12: 0 | H12: 2 | I12: 1 | J12: 0 | K12: 0 | L12: 0 | M12: 0 | N12: =SUM(B12:M12)
A13: RELATIVNA VLAGA (%)
A14: Prosek | B14: 81.6 | C14: 80.9 | D14: 67.9 | E14: 70.1 | F14: 69.8 | G14: 73.4 | H14: 64.3 | I14: 72.4 | J14: 77.3 | K14: 73.1 | L14: 83.2 | M14: 84.1 | N14: =AVERAGE(B14:M14)
A15: TRAJANJE SIJANJA SUNCA (h)
A16: Prosek | B16: 161.9 | C16: 156.2 | D16: 259 | E16: 295.3 | F16: 371.5 | G16: 400.9 | H16: 409.9 | I16: 360 | J16: 278.5 | K16: 284.4 | L16: 159.6 | M16: 176.8 | N16: =SUM(B16:M16)
A17: Broj vedrih dana | B17: 3 | C17: 3 | D17: 13 | E17: 5 | F17: 3 | G17: 9 | H17: 13 | I17: 9 | J17: 1 | K17: 9 | L17: 2 | M17: 2 | N17: =SUM(B17:M17)
A18: Broj oblačnih dana | B18: 14 | C18: 13 | D18: 13 | E18: 11 | F18: 5 | G18: 3 | H18: 2 | I18: 8 | J18: 7 | K18: 7 | L18: 16 | M18: 15 | N18: =SUM(B18:M18)
A19: PADAVINE (mm)
A20: Sr. mesečna suma | B20: 47.3 | C20: 81.2 | D20: 37.2 | E20: 59.2 | F20: 85.6 | G20: 61.3 | H20: 36.9 | I20: 68.2 | J20: 74.8 | K20: 13.7 | L20: 115.5 | M20: 82.8 | N20: =SUM(B20:M20)
A21: Max. dnevna suma | B21: 8.3 | C21: 14.3 | D21: 10.8 | E21: 18.5 | F21: 16 | G21: 11 | H21: 13.3 | I21: 16.3 | J21: 18.6 | K21: 4.1 | L21: 48.2 | M21: 17.8 | N21: =MAX(B21:M21)
A22: Sr. br. dana >= 0.1 mm | B22: 21 | C22: 19 | D22: 13 | E22: 20 | F22: 22 | G22: 22 | H22: 14 | I22: 21 | J22: 22 | K22: 11 | L22: 20 | M22: 17 | N22: =SUM(B22:M22)
A23: Sr. br. dana >= 10.0 mm | B23: 0 | C23: 4 | D23: 1 | E23: 1 | F23: 2 | G23: 1 | H23: 1 | I23: 3 | J23: 3 | K23: 0 | L23: 5 | M23: 4 | N23: =SUM(B23:M23)
A24: POJAVE (broj dana sa....)
A25: snegom | B25: 19 | C25: 18 | D25: 10 | E25: 9 | F25: 0 | G25: 0 | H25: 0 | I25: 0 | J25: 1 | K25: 0 | L25: 7 | M25: 8 | N25: =SUM(B25:M25)
A26: snežnim pokrivačem | B26: 19 | C26: 18 | D26: 10 | E26: 9 | F26: 0 | G26: 0 | H26: 0 | I26: 0 | J26: 1 | K26: 0 | L26: 7 | M26: 8 | N26: =SUM(B26:M26)
A27: maglom | B27: 0 | C27: 0 | D27: 0 | E27: 0 | F27: 0 | G27: 0 | H27: 0 | I27: 0 | J27: 0 | K27: 0 | L27: 0 | M27: 0 | N27: =SUM(B27:M27)
A28: gradom | B28: 0 | C28: 0 | D28: 0 | E28: 0 | F28: 0 | G28: 0 | H28: 0 | I28: 0 | J28: 0 | K28: 0 | L28: 0 | M28: 0 | N28: =SUM(B28:M28)

Sheet 2023
A1: PROSEČNE MESEČNE, GODIŠNJE I EKSTREMNE VREDNOSTI ZA 2023. GODINU
A2: SJENICA φ 43.27°N λ 19.99°E h 1038 m
A4: METEOROLOŠKI PARAMETAR | B4: jan | C4: feb | D4: mar | E4: apr | F4: maj | G4: jun | H4: jul | I4: avg | J4: sep | K4: okt | L4: nov | M4: dec | N4: god.
A5: TEMPERATURA VAZDUHA (°C)
A6: Normalna vrednost | B6: 1.2 | C6: -1.2 | D6: 4.3 | E6: 4.6 | F6: 11.6 | G6: 15.3 | H6: 19.8 | I6: 18.1 | J6: 15.8 | K6: 12 | L6: 4.5 | M6: 2.1 | N6: =AVERAGE(B6:M6)
A7: Srednja maksimalna | B7: 4.7 | C7: 4.1 | D7: 9.7 | E7: 9.1 | F7: 16.1 | G7: 19.8 | H7: 25.9 | I7: 24 | J7: 21.8 | K7: 17.8 | L7: 9.2 | M7: 7.4 | N7: =AVERAGE(B7:M7)
A8: Srednja minimalna | B8: -1.5 | C8: -5.9 | D8: -0.2 | E8: 0.3 | F8: 7.5 | G8: 11 | H8: 13.7 | I8: 12.6 | J8: 11 | K8: 7 | L8: 0.3 | M8: -1.2 | N8: =AVERAGE(B8:M8)
A9: Apsolutni maksimum | B9: 12.7 | C9: 13.4 | D9: 17.9 | E9: 16 | F9: 19.5 | G9: 28.7 | H9: 32.2 | I9: 30.2 | J9: 26.6 | K9: 21.5 | L9: 15.1 | M9: 13.4 | N9: =MAX(B9:M9)
A10: Apsolutni minimum | B10: -5.8 | C10: -17.7 | D10: -4.8 | E10: -13.4 | F10: 3.8 | G10: 8.3 | H10: 8.6 | I10: 5.9 | J10: 7.5 | K10: -0.1 | L10: -13.9 | M10: -5.6 | N10: =MIN(B10:M10)
A11: Sr. br. mraznih dana | B11: 23 | C11: 22 | D11: 15 | E11: 10 | F11: 0 | G11: 0 | H11: 0 | I11: 0 | J11: 0 | K11: 1 | L11: 13 | M11: 26 | N11: =SUM(B11:M11)
A12: Sr. br. tropskih dana | B12: 0 | C12: 0 | D12: 0 | E12: 0 | F12: 0 | G12: 0 | H12: 4 | I12: 2 | J12: 0 | K12: 0 | L12: 0 | M12: 0 | N12: =SUM(B12:M12)
A13: RELATIVNA VLAGA (%)
A14: Prosek | B14: 86.3 | C14: 79.4 | D14: 73 | E14: 79.3 | F14: 79.6 | G14: 81.6 | H14: 70.3 | I14: 74.2 | J14: 74.3 | K14: 76.5 | L14: 84.4 | M14: 82.2 | N14: =AVERAGE(B14:M14)
A15: TRAJANJE SIJANJA SUNCA (h)
A16: Prosek | B16: 135.4 | C16: 198.5 | D16: 264.8 | E16: 222.6 | F16: 322.9 | G16: 302.4 | H16: 425.1 | I16: 378.5 | J16: 314.7 | K16: 283.9 | L16: 155.6 | M16: 174.7 | N16: =SUM(B16:M16)
A17: Broj vedrih dana | B17: 3 | C17: 2 | D17: 3 | E17: 0 | F17: 0 | G17: 3 | H17: 12 | I17: 8 | J17: 9 | K17: 6 | L17: 1 | M17: 5 | N17: =SUM(B17:M17)
A18: Broj oblačnih dana | B18: 21 | C18: 12 | D18: 14 | E18: 14 | F18: 19 | G18: 15 | H18: 0 | I18: 1 | J18: 5 | K18: 7 | L18: 16 | M18: 13 | N18: =SUM(B18:M18)
A19: PADAVINE (mm)
A20: Sr. mesečna suma | B20: 136.9 | C20: 55.5 | D20: 49.4 | E20: 86.3 | F20: 67.5 | G20: 103.4 | H20: 56.7 | I20: 54.6 | J20: 76.1 | K20: 24.7 | L20: 169.9 | M20: 65.1 | N20: =SUM(B20:M20)
A21: Max. dnevna suma | B21: 32.4 | C21: 15.4 | D21: 12.3 | E21: 16.3 | F21: 6.6 | G21: 13.4 | H21: 17 | I21: 15.9 | J21: 34 | K21: 6.5 | L21: 39.2 | M21: 19.3 | N21: =MAX(B21:M21)
A22: Sr. br. dana >= 0.1 mm | B22: 21 | C22: 17 | D22: 18 | E22: 24 | F22: 26 | G22: 27 | H22: 18 | I22: 19 | J22: 12 | K22: 16 | L22: 20 | M22: 14 | N22: =SUM(B22:M22)
A23: Sr. br. dana >= 10.0 mm | B23: 6 | C23: 2 | D23: 1 | E23: 1 | F23: 0 | G23: 2 | H23: 2 | I23: 2 | J23: 3 | K23: 0 | L23: 6 | M23: 2 | N23: =SUM(B23:M23)
A24: POJAVE (broj dana sa....)
A25: snegom | B25: 18 | C25: 15 | D25: 12 | E25: 11 | F25: 0 | G25: 0 | H25: 0 | I25: 0 | J25: 0 | K25: 0 | L25: 8 | M25: 11 | N25: =SUM(B25:M25)
A26: snežnim pokrivačem | B26: 18 | C26: 15 | D26: 12 | E26: 11 | F26: 0 | G26: 0 | H26: 0 | I26: 0 | J26: 0 | K26: 0 | L26: 8 | M26: 11 | N26: =SUM(B26:M26)
A27: maglom | B27: 0 | C27: 0 | D27: 0 | E27: 0 | F27: 0 | G27: 0 | H27: 0 | I27: 0 | J27: 0 | K27: 0 | L27: 0 | M27: 0 | N27: =SUM(B27:M27)
A28: gradom | B28: 0 | C28: 0 | D28: 0 | E28: 0 | F28: 0 | G28: 0 | H28: 0 | I28: 0 | J28: 0 | K28: 0 | L28: 0 | M28: 0 | N28: =SUM(B28:M28)

Sheet 2024
A1: PROSEČNE MESEČNE, GODIŠNJE I EKSTREMNE VREDNOSTI ZA 2024. GODINU
A2: SJENICA φ 43.27°N λ 19.99°E h 1038 m
A4: METEOROLOŠKI PARAMETAR | B4: jan | C4: feb | D4: mar | E4: apr | F4: maj | G4: jun | H4: jul | I4: avg | J4: sep | K4: okt | L4: nov | M4: dec | N4: god.
A5: TEMPERATURA VAZDUHA (°C)
A6: Normalna vrednost | B6: -0.3 | C6: 3.8 | D6: 5.6 | E6: 9.7 | F6: 12.6 | G6: 18.9 | H6: 20.4 | I6: 20.9 | J6: 14.4 | K6: 11.1 | L6: 1.9 | M6: -1.2 | N6: =AVERAGE(B6:M6)
A7: Srednja maksimalna | B7: 4 | C7: 9.3 | D7: 11.2 | E7: 15.8 | F7: 17.7 | G7: 24.6 | H7: 26.2 | I7: 26.9 | J7: 20 | K7: 17.4 | L7: 7.2 | M7: 2.2 | N7: =AVERAGE(B7:M7)
A8: Srednja minimalna | B8: -3.8 | C8: -0.3 | D8: 0.6 | E8: 3.7 | F8: 7.5 | G8: 12.9 | H8: 14.8 | I8: 15.2 | J8: 9.6 | K8: 5.9 | L8: -2.2 | M8: -4.4 | N8: =AVERAGE(B8:M8)
A9: Apsolutni maksimum | B9: 10.7 | C9: 13.6 | D9: 19.4 | E9: 23.3 | F9: 21.7 | G9: 30.7 | H9: 32.8 | I9: 32.8 | J9: 28.3 | K9: 21.5 | L9: 14.2 | M9: 7.2 | N9: =MAX(B9:M9)
A10: Apsolutni minimum | B10: -12.2 | C10: -4.9 | D10: -4.6 | E10: -3.2 | F10: 3.9 | G10: 8.4 | H10: 9.6 | I10: 10.9 | J10: 3 | K10: -0.1 | L10: -9 | M10: -11.2 | N10: =MIN(B10:M10)
A11: Sr. br. mraznih dana | B11: 26 | C11: 18 | D11: 13 | E11: 6 | F11: 0 | G11: 0 | H11: 0 | I11: 0 | J11: 0 | K11: 1 | L11: 26 | M11: 30 | N11: =SUM(B11:M11)
A12: Sr. br. tropskih dana | B12: 0 | C12: 0 | D12: 0 | E12: 0 | F12: 0 | G12: 1 | H12: 6 | I12: 5 | J12: 0 | K12: 0 | L12: 0 | M12: 0 | N12: =SUM(B12:M12)
A13: RELATIVNA VLAGA (%)
A14: Prosek | B14: 80.6 | C14: 76.7 | D14: 74.6 | E14: 66.7 | F14: 76.7 | G14: 71.2 | H14: 66.6 | I14: 61.6 | J14: 73.1 | K14: 77.4 | L14: 80.7 | M14: 90.9 | N14: =AVERAGE(B14:M14)
A15: TRAJANJE SIJANJA SUNCA (h)
A16: Prosek | B16: 179.2 | C16: 228 | D16: 282.3 | E16: 329.7 | F16: 369.4 | G16: 416.1 | H16: 423.8 | I16: 392.9 | J16: 261 | K16: 283.5 | L16: 207.6 | M16: 128.8 | N16: =SUM(B16:M16)
A17: Broj vedrih dana | B17: 4 | C17: 4 | D17: 1 | E17: 3 | F17: 1 | G17: 7 | H17: 21 | I17: 9 | J17: 5 | K17: 3 | L17: 4 | M17: 4 | N17: =SUM(B17:M17)
A18: Broj oblačnih dana | B18: 15 | C18: 12 | D18: 10 | E18: 6 | F18: 9 | G18: 0 | H18: 2 | I18: 1 | J18: 9 | K18: 6 | L18: 11 | M18: 18 | N18: =SUM(B18:M18)
A19: PADAVINE (mm)
A20: Sr. mesečna suma | B20: 45.5 | C20: 31.9 | D20: 60 | E20: 38.7 | F20: 95.3 | G20: 29.7 | H20: 31.5 | I20: 21.9 | J20: 93.7 | K20: 21.6 | L20: 109 | M20: 98 | N20: =SUM(B20:M20)
A21: Max. dnevna suma | B21: 14.4 | C21: 11.9 | D21: 14.3 | E21: 12.2 | F21: 16.5 | G21: 10.4 | H21: 22.3 | I21: 7 | J21: 31.1 | K21: 6.1 | L21: 39 | M21: 17.3 | N21: =MAX(B21:M21)
A22: Sr. br. dana >= 0.1 mm | B22: 18 | C22: 13 | D22: 21 | E22: 10 | F22: 25 | G22: 18 | H22: 11 | I22: 14 | J22: 14 | K22: 10 | L22: 10 | M22: 19 | N22: =SUM(B22:M22)
A23: Sr. br. dana >= 10.0 mm | B23: 1 | C23: 1 | D23: 1 | E23: 2 | F23: 3 | G23: 1 | H23: 1 | I23: 0 | J23: 3 | K23: 0 | L23: 5 | M23: 5 | N23: =SUM(B23:M23)
A24: POJAVE (broj dana sa....)
A25: snegom | B25: 13 | C25: 6 | D25: 8 | E25: 4 | F25: 0 | G25: 0 | H25: 0 | I25: 0 | J25: 0 | K25: 0 | L25: 8 | M25: 15 | N25: =SUM(B25:M25)
A26: snežnim pokrivačem | B26: 13 | C26: 6 | D26: 8 | E26: 4 | F26: 0 | G26: 0 | H26: 0 | I26: 0 | J26: 0 | K26: 0 | L26: 8 | M26: 15 | N26: =SUM(B26:M26)
A27: maglom | B27: 0 | C27: 0 | D27: 0 | E27: 0 | F27: 0 | G27: 0 | H27: 0 | I27: 0 | J27: 0 | K27: 0 | L27: 0 | M27: 0 | N27: =SUM(B27:M27)
A28: gradom | B28: 0 | C28: 0 | D28: 0 | E28: 0 | F28: 0 | G28: 0 | H28: 0 | I28: 0 | J28: 0 | K28: 0 | L28: 0 | M28: 0 | N28: =SUM(B28:M28)

Sheet 2025
A1: PROSEČNE MESEČNE, GODIŠNJE I EKSTREMNE VREDNOSTI ZA 2025. GODINU
A2: SJENICA φ 43.27°N λ 19.99°E h 1038 m
A4: METEOROLOŠKI PARAMETAR | B4: jan | C4: feb | D4: mar | E4: apr | F4: maj | G4: jun | H4: jul | I4: avg | J4: sep | K4: okt | L4: nov | M4: dec | N4: god.
A5: TEMPERATURA VAZDUHA (°C)
A6: Normalna vrednost | B6: -0.2 | C6: -0.7 | D6: 5.8 | E6: 7.7 | F6: 9.8 | G6: 17.4 | H6: 18.6 | I6: 17.9 | J6: 15.1 | K6: 6.7 | L6: 4.8 | M6: 1.2 | N6: =AVERAGE(B6:M6)
A7: Srednja maksimalna | B7: 4.7 | C7: 4.1 | D7: 11.2 | E7: 12.8 | F7: 14.8 | G7: 23.4 | H7: 24.4 | I7: 24 | J7: 20.9 | K7: 11.2 | L7: 9.4 | M7: 6.2 | N7: =AVERAGE(B7:M7)
A8: Srednja minimalna | B8: -4 | C8: -4.1 | D8: 1.6 | E8: 3.3 | F8: 4.9 | G8: 11 | H8: 12.8 | I8: 12.3 | J8: 9.9 | K8: 2.6 | L8: 1.2 | M8: -1.7 | N8: =AVERAGE(B8:M8)
A9: Apsolutni maksimum | B9: 11.9 | C9: 10.3 | D9: 18.3 | E9: 20.8 | F9: 21.2 | G9: 28.7 | H9: 33.1 | I9: 30.9 | J9: 26.6 | K9: 16.8 | L9: 17.7 | M9: 11.8 | N9: =MAX(B9:M9)
A10: Apsolutni minimum | B10: -12.5 | C10: -15.4 | D10: -6.2 | E10: -6.3 | F10: -1 | G10: 6.2 | H10: 7.7 | I10: 7.9 | J10: 3.9 | K10: -2.5 | L10: -3.9 | M10: -9.7 | N10: =MIN(B10:M10)
A11: Sr. br. mraznih dana | B11: 23 | C11: 25 | D11: 13 | E11: 6 | F11: 1 | G11: 0 | H11: 0 | I11: 0 | J11: 0 | K11: 5 | L11: 10 | M11: 22 | N11: =SUM(B11:M11)
A12: Sr. br. tropskih dana | B12: 0 | C12: 0 | D12: 0 | E12: 0 | F12: 0 | G12: 0 | H12: 2 | I12: 1 | J12: 0 | K12: 0 | L12: 0 | M12: 0 | N12: =SUM(B12:M12)
A13: RELATIVNA VLAGA (%)
A14: Prosek | B14: 85.2 | C14: 77.5 | D14: 70.5 | E14: 75.9 | F14: 78.7 | G14: 68.8 | H14: 67.1 | I14: 66.4 | J14: 74.9 | K14: 84.8 | L14: 85.7 | M14: 79.7 | N14: =AVERAGE(B14:M14)
A15: TRAJANJE SIJANJA SUNCA (h)
A16: Prosek | B16: 194 | C16: 184 | D16: 241.4 | E16: 284.5 | F16: 347.8 | G16: 433.4 | H16: 406.8 | I16: 380.5 | J16: 316.7 | K16: 203.7 | L16: 150.9 | M16: 184.4 | N16: =SUM(B16:M16)
A17: Broj vedrih dana | B17: 3 | C17: 5 | D17: 5 | E17: 3 | F17: 3 | G17: 23 | H17: 13 | I17: 12 | J17: 11 | K17: 1 | L17: 3 | M17: 5 | N17: =SUM(B17:M17)
A18: Broj oblačnih dana | B18: 13 | C18: 12 | D18: 17 | E18: 12 | F18: 6 | G18: 0 | H18: 3 | I18: 1 | J18: 6 | K18: 14 | L18: 17 | M18: 9 | N18: =SUM(B18:M18)
A19: PADAVINE (mm)
A20: Sr. mesečna suma | B20: 31.5 | C20: 17.3 | D20: 70.3 | E20: 98.1 | F20: 79.8 | G20: 9.3 | H20: 60.8 | I20: 25.9 | J20: 41.5 | K20: 119.9 | L20: 92.9 | M20: 8.1 | N20: =SUM(B20:M20)
A21: Max. dnevna suma | B21: 10.3 | C21: 4.5 | D21: 18.4 | E21: 11.5 | F21: 18.6 | G21: 6.3 | H21: 16.1 | I21: 6.2 | J21: 17.1 | K21: 25.7 | L21: 23.3 | M21: 2.4 | N21: =MAX(B21:M21)
A22: Sr. br. dana >= 0.1 mm | B22: 13 | C22: 13 | D22: 18 | E22: 22 | F22: 25 | G22: 6 | H22: 16 | I22: 12 | J22: 12 | K22: 22 | L22: 20 | M22: 9 | N22: =SUM(B22:M22)
A23: Sr. br. dana >= 10.0 mm | B23: 1 | C23: 0 | D23: 1 | E23: 3 | F23: 2 | G23: 0 | H23: 1 | I23: 0 | J23: 1 | K23: 3 | L23: 2 | M23: 0 | N23: =SUM(B23:M23)
A24: POJAVE (broj dana sa....)
A25: snegom | B25: 6 | C25: 7 | D25: 6 | E25: 8 | F25: 3 | G25: 0 | H25: 0 | I25: 0 | J25: 0 | K25: 4 | L25: 10 | M25: 4 | N25: =SUM(B25:M25)
A26: snežnim pokrivačem | B26: 6 | C26: 7 | D26: 6 | E26: 8 | F26: 3 | G26: 0 | H26: 0 | I26: 0 | J26: 0 | K26: 4 | L26: 10 | M26: 4 | N26: =SUM(B26:M26)
A27: maglom | B27: 0 | C27: 0 | D27: 0 | E27: 0 | F27: 0 | G27: 0 | H27: 0 | I27: 0 | J27: 0 | K27: 0 | L27: 0 | M27: 0 | N27: =SUM(B27:M27)
A28: gradom | B28: 0 | C28: 0 | D28: 0 | E28: 0 | F28: 0 | G28: 0 | H28: 0 | I28: 0 | J28: 0 | K28: 0 | L28: 0 | M28: 0 | N28: =SUM(B28:M28)
